ID,Address,Rooms,Type,Price,Date,Bathroom,Car,Landsize,Age,Lattitude,Longtitude
ID233081834,4 Pershore Ct,3,h,635000.0,29/07/2017,2.0,1.0,691.0,44.0,-37.68026,144.88468
ID308767452,533 Sayers Rd,4,h,1305000.0,3/06/2017,2.0,0.0,4606.0,22.0,-37.849309999999996,144.6942
ID259085714,25 Fyfe St,2,t,575000.0,27/05/2017,2.0,1.0,151.0,4.0,-37.70426,145.01203999999996
ID597580372,20 York St,3,h,1400000.0,23/09/2017,1.0,6.0,667.0,99.0,-37.72765,144.98953
ID852632997,33 Kensington Rd,3,h,1225000.0,12/08/2017,2.0,2.0,223.0,79.0,-37.794959999999996,144.92659
ID316145820,25 Caldwell Rd,3,h,865000.0,12/08/2017,1.0,2.0,603.0,79.0,-37.835,145.21086
ID624647973,1/26 Thorpe St,3,h,826000.0,3/09/2016,1.0,2.0,281.0,62.0,-37.8457,144.8651
ID976077753,2/48 Inkerman St,2,t,600000.0,15/10/2016,1.0,2.0,127.0,109.0,-37.7859,144.8787
ID521167339,53 Mason St,4,h,1115000.0,18/03/2017,1.0,1.0,0.0,139.0,-37.8423,144.8795
ID597479978,19 Dickens St,3,h,1270000.0,22/08/2016,1.0,1.0,181.0,119.0,-37.8203,145.0092
ID541301208,5/46 Fewster Rd,2,u,691000.0,25/02/2017,1.0,1.0,0.0,22.0,-37.9392,145.0186
ID157545163,16 Banool Rd,3,h,1960000.0,10/12/2016,2.0,2.0,585.0,89.0,-37.8167,145.0924
ID499169109,3/89 Earl St,3,t,835000.0,20/05/2017,2.0,2.0,247.0,12.0,-37.7944,145.0327
ID382142871,14 Tate St,4,h,1601000.0,3/12/2016,3.0,2.0,610.0,49.0,-37.7662,145.04
ID469989793,19 Davis Av,6,h,2835000.0,16/09/2017,3.0,2.0,794.0,49.0,-37.84317,145.05688
ID676377241,373 Liberty Pde,3,h,640000.0,20/05/2017,1.0,2.0,476.0,63.0,-37.7339,145.0405
ID229121404,48 Murray St,3,h,1130000.0,25/02/2017,1.0,3.0,206.0,74.0,-37.7382,144.9563
ID751776303,58 Station St,3,h,780000.0,9/09/2017,1.0,2.0,292.0,64.0,-38.019079999999995,145.09702
ID758195963,49 Berkeley St,3,h,5100000.0,3/12/2016,2.0,3.0,1038.0,14.0,-37.8332,145.0366
ID956609657,8 Goble St,4,h,1130000.0,22/07/2017,2.0,2.0,650.0,44.0,-37.73435,144.8768
ID188471037,188 Cardigan Rd,5,h,872000.0,3/06/2017,2.0,2.0,1254.0,39.0,-37.790259999999996,145.33738
ID767213891,6 Beatrice St,3,h,1735000.0,3/09/2016,2.0,3.0,680.0,84.0,-37.854,145.0832
ID913359730,35 Elizabeth St,3,h,1537000.0,25/02/2017,2.0,2.0,324.0,20.0,-37.9034,145.017
ID741879287,6/82 Patterson St,2,u,700000.0,16/04/2016,1.0,1.0,0.0,49.0,-37.8556,144.9669
ID181049045,11/205 Gipps St,1,u,470000.0,26/07/2016,1.0,1.0,0.0,6.0,-37.8055,144.9961
ID334031721,11/44 Everard St,2,u,431000.0,3/12/2016,1.0,1.0,0.0,104.0,-37.7963,144.8853
ID646265670,2 Raven St,5,h,1510000.0,9/09/2017,2.0,3.0,677.0,49.0,-37.793479999999995,145.15241
ID914502227,386 Station St,3,h,1160000.0,27/11/2016,2.0,2.0,644.0,18.0,-37.7604,145.02100000000004
ID617611276,3/64 Woornack Rd,3,t,860000.0,27/06/2016,1.0,2.0,277.0,41.0,-37.8978,145.0624
ID830206199,34 Barton St,4,h,1850000.0,22/05/2016,2.0,2.0,632.0,69.0,-37.8173,145.1003
ID145505524,1/136 Queen St,2,u,580000.0,8/10/2016,1.0,1.0,225.0,31.0,-37.8696,144.827
ID864737694,28 Papua St,2,h,701000.0,28/05/2016,1.0,2.0,762.0,49.0,-37.7112,145.0861
ID248261621,1/38 Victoria St,2,h,500000.0,28/08/2016,1.0,1.0,113.0,49.0,-37.7424,144.961
ID287159946,61 Heath St,3,h,1635000.0,23/09/2017,1.0,2.0,112.0,129.0,-37.83526,144.94423
ID769870288,6 Everest Ct,3,h,596000.0,16/09/2017,1.0,2.0,570.0,79.0,-37.66422,144.99893
ID394195882,310/330 Lygon St,2,u,445000.0,27/06/2016,1.0,1.0,0.0,119.0,-37.7685,144.9724
ID394283838,11/19 Wood St,2,u,587134.0,28/08/2016,1.0,1.0,0.0,49.0,-37.7976,144.9454
ID364197387,18 Watson St,4,h,2340000.0,13/05/2017,2.0,2.0,586.0,79.0,-37.8541,145.0738
ID701624675,1106/1 Clara St,1,u,450000.0,4/06/2016,1.0,1.0,0.0,15.0,-37.8421,144.9978
ID777260803,38 Wellington St,3,h,850000.0,4/03/2017,1.0,1.0,361.0,69.0,-37.7916,144.8673
ID147046787,10 Skewes St,3,h,805000.0,27/11/2016,2.0,2.0,593.0,49.0,-37.7607,144.8581
ID800837874,31 Keam St,4,h,2200000.0,12/11/2016,2.0,2.0,1004.0,84.0,-37.7689,145.0665
ID661161317,39/114 Mason St,2,u,485000.0,16/07/2016,1.0,1.0,0.0,13.0,-37.8413,144.8741
ID568905685,61 Doyle St,3,h,635000.0,26/07/2016,1.0,1.0,597.0,59.0,-37.7568,144.8572
ID169680052,3/30 Edmund St,2,u,495000.0,13/08/2016,1.0,1.0,515.0,49.0,-37.7875,145.0049
ID594482544,2 Bruce St,2,h,2300000.0,22/04/2017,1.0,2.0,465.0,64.0,-37.7424,145.0026
ID470072430,2/27 Horton St,2,t,710000.0,15/07/2017,2.0,1.0,126.0,6.0,-37.72357,144.98561999999995
ID915772023,5/82 Gooch St,2,u,432500.0,27/06/2016,1.0,1.0,748.0,54.0,-37.7587,145.0064
ID784250016,80 Wright St,2,h,615000.0,12/08/2017,1.0,0.0,418.0,79.0,-37.79595,144.83206
ID890168671,1/22 Sycamore Gr,2,u,520000.0,15/10/2016,1.0,0.0,0.0,49.0,-37.8742,144.9972
ID448321422,1/48 Keilor Rd,2,u,340000.0,18/06/2016,1.0,1.0,0.0,59.0,-37.7433,144.9074
ID810800835,1/17 Baker St,2,u,639000.0,19/11/2016,1.0,1.0,83.0,59.0,-37.9355,145.0485
ID652049773,1/24 Suffolk Rd,2,u,830000.0,22/07/2017,1.0,1.0,180.0,20.0,-37.82794000000001,145.09332
ID129495715,371 Rae St,2,h,1270000.0,17/06/2017,1.0,0.0,183.0,129.0,-37.78353,144.97991000000005
ID840312473,3/121 Wellington St,2,u,476000.0,15/10/2016,1.0,1.0,0.0,49.0,-37.783,144.93200000000004
ID914389858,25 Rookwood St,2,h,1900000.0,8/04/2017,1.0,2.0,667.0,64.0,-37.7926,145.0842
ID691150688,409/120 Palmer St,2,u,540000.0,3/09/2016,2.0,1.0,656.0,119.0,-37.8195,145.0103
ID152736367,11 McPhail St,2,h,870000.0,16/07/2016,1.0,2.0,319.0,99.0,-37.7555,144.9118
ID797555277,4/388 Bluff Rd,4,t,1050000.0,23/09/2017,2.0,1.0,173.0,9.0,-37.94723,145.02268
ID282127236,84 Hambleton St,4,h,2860000.0,20/05/2017,3.0,2.0,160.0,119.0,-37.8471,144.9595
ID175826873,2 Buckingham St,3,h,747000.0,16/07/2016,1.0,1.0,246.0,79.0,-37.8012,144.8924
ID906871020,48a Purtell St,3,t,800000.0,7/05/2016,2.0,1.0,353.0,49.0,-37.9262,145.055
ID182503951,1/11 Glengala Rd,3,h,453000.0,17/06/2017,1.0,1.0,305.0,13.0,-37.788740000000004,144.82398999999995
ID942775092,2/4 Manly Ct,2,t,525000.0,27/05/2017,2.0,1.0,143.0,59.0,-37.72037,144.97023000000004
ID471149180,10 Avon St,3,h,980000.0,4/03/2017,1.0,2.0,623.0,69.0,-37.9404,145.046
ID362668166,1 Caroline St,3,h,669000.0,22/07/2017,1.0,1.0,713.0,59.0,-37.98997,145.2254
ID570968352,2 Navarre Ct,3,h,467000.0,24/06/2017,1.0,1.0,565.0,44.0,-37.65702,144.92446999999999
ID552236169,13 Nicholls St,3,h,1700000.0,27/05/2017,2.0,0.0,312.0,99.0,-37.86162,145.03065
ID379083840,5/3 Tahara Rd,3,u,840000.0,8/04/2017,1.0,1.0,1678.0,79.0,-37.8384,145.0178
ID235901079,54 Ardoyne St,3,h,940000.0,6/05/2017,2.0,2.0,572.0,69.0,-37.7966,144.8256
ID577335140,22 The Grand,4,h,1510500.0,27/05/2017,2.0,4.0,251.0,79.0,-37.7839,144.89431000000005
ID506673780,221 Bluff Rd,4,h,1490000.0,26/08/2017,2.0,2.0,503.0,89.0,-37.95685,145.01977
ID805231758,146 Rossmoyne St,3,h,1200000.0,17/09/2016,2.0,1.0,345.0,114.0,-37.7582,145.0094
ID479421647,3/23 Walstab St,3,u,1245000.0,28/05/2016,2.0,1.0,227.0,21.0,-37.9191,145.0074
ID548471728,35 Chandler St,4,h,1400000.0,4/03/2017,2.0,4.0,457.0,39.0,-37.8517,144.8923
ID880773895,5/576 Glenferrie Rd,2,u,418000.0,7/11/2016,1.0,0.0,1056.0,129.0,-37.8261,145.0349
ID420344077,2/26 Mercer Rd,2,u,820000.0,3/09/2017,1.0,1.0,1501.0,119.0,-37.8528,145.02684
ID137197153,107 McFadzean Av,3,h,725000.0,15/07/2017,1.0,2.0,579.0,6.0,-37.70158,144.99655
ID326850053,47 Churchill Wy,3,h,710000.0,19/08/2017,1.0,2.0,837.0,59.0,-37.796820000000004,145.30467
ID313150484,1 Brack Av,3,h,901000.0,23/09/2017,2.0,3.0,738.0,49.0,-37.8227,144.84094
ID833387749,5 Woodlands Av,2,h,1325000.0,16/09/2017,1.0,2.0,422.0,79.0,-37.79938,145.05662
ID254806255,1 Harmer St,4,h,885000.0,26/07/2016,2.0,3.0,936.0,34.0,-37.7021,145.0178
ID961768657,40 Coronet St,2,h,950000.0,10/09/2016,1.0,1.0,193.0,134.0,-37.7861,144.9238
ID680085925,3 Hampshire Rd,4,h,1120000.0,17/06/2017,2.0,2.0,280.0,11.0,-37.79423,145.13696000000004
ID221794613,7 Berberis Pl,4,h,540000.0,12/08/2017,2.0,2.0,650.0,17.0,-37.85954,144.71456
ID671490727,3/21 John St,2,h,655000.0,19/11/2016,1.0,1.0,156.0,44.0,-37.9024,145.1008
ID900624182,6 Wilson Gr,3,h,1602500.0,18/03/2017,1.0,1.0,405.0,89.0,-37.8448,145.071
ID161736980,87 McBryde St,3,h,660000.0,10/12/2016,1.0,2.0,622.0,49.0,-37.7095,144.9757
ID526335668,7/35 Grieve Pde,2,u,458000.0,9/09/2017,1.0,1.0,63.0,44.0,-37.86933,144.81704
ID487938583,65 Clydesdale Rd,3,h,845000.0,3/06/2017,1.0,2.0,589.0,59.0,-37.72207,144.87905
ID999496424,44 Devereaux St,3,h,706000.0,7/11/2016,1.0,0.0,715.0,59.0,-37.7143,144.9092
ID524472263,53 Market St,3,h,1070000.0,6/05/2017,1.0,2.0,363.0,54.0,-37.7445,144.9054
ID235694113,40 Reading Av,3,h,2321000.0,19/08/2017,1.0,2.0,923.0,9.0,-37.80081,145.09319
ID287734092,7/18 Kelso St,2,u,546000.0,8/10/2016,1.0,1.0,0.0,39.0,-37.8282,144.9897
ID845207339,2 Bazentin St,3,h,570000.0,1/07/2017,1.0,0.0,423.0,99.0,-37.77917,144.82223
ID995213091,76 Manning Rd,4,h,2400000.0,27/05/2017,2.0,0.0,589.0,39.0,-37.873909999999995,145.05562
ID960460109,99 Dundas St,3,h,1040000.0,24/09/2016,2.0,1.0,313.0,69.0,-37.7531,145.01
ID295420345,8 Rose St,4,h,2435000.0,6/08/2016,2.0,2.0,795.0,91.0,-37.9166,145.0314
ID619180130,23 Goodenia Cl,3,h,440000.0,8/07/2017,1.0,2.0,570.0,27.0,-37.647690000000004,144.91359
ID706938911,30 Bourchier St,3,h,670000.0,10/12/2016,1.0,4.0,734.0,59.0,-37.7007,144.9378
ID159804156,8/98 Barkly St,3,h,1120000.0,18/03/2017,2.0,2.0,1039.0,13.0,-37.8638,144.982
ID929318550,66 Roseberry St,3,h,1825000.0,17/09/2016,2.0,2.0,431.0,69.0,-37.8269,145.0496
ID386529389,60 Woiwurung Cr,2,t,631000.0,3/09/2017,2.0,1.0,1965.0,19.0,-37.73615,144.97455
ID446234791,131 Sycamore St,3,h,1350000.0,20/05/2017,2.0,1.0,305.0,94.0,-37.8899,145.023
ID630561482,26 Innellan Rd,3,h,1220000.0,28/05/2016,1.0,2.0,735.0,59.0,-37.8943,145.0689
ID123898228,5 Barmah Gra,4,h,715000.0,24/06/2017,2.0,2.0,680.0,8.0,-37.612359999999995,144.90753
ID487849218,384 Buckley St,3,h,1410000.0,15/07/2017,2.0,1.0,585.0,69.0,-37.75374,144.88932
ID461903604,30a Rooding St,2,u,985000.0,7/11/2016,1.0,1.0,611.0,6.0,-37.9039,145.0009
ID567892221,9/11 Smith St,2,u,535000.0,1/07/2017,1.0,1.0,0.0,8.0,-37.79122,144.93175
ID379702980,29 Livingstone St,4,h,1350000.0,3/06/2017,1.0,2.0,587.0,48.0,-37.76737,145.03943999999996
ID201964189,28 Beryl Av,4,h,1450000.0,23/09/2017,2.0,2.0,771.0,49.0,-37.9212,145.09125
ID458138486,5/323 Beach Rd,2,u,600000.0,29/07/2017,1.0,1.0,0.0,59.0,-37.97853,145.0175
ID207352800,16 Reading Cl,3,h,537000.0,15/07/2017,2.0,2.0,640.0,25.0,-37.63799,144.92924
ID970996977,23 Acheron Av,3,h,925000.0,8/07/2017,1.0,2.0,676.0,79.0,-37.72167,145.01706000000001
ID345883884,169 Gillespie Rd,3,h,520000.0,1/07/2017,1.0,2.0,570.0,49.0,-37.73341,144.77161
ID914193232,149 Spring St,2,h,850000.0,17/06/2017,1.0,2.0,494.0,10.0,-37.72596,145.00113000000005
ID405789205,3 Jensen Ct,4,h,1157000.0,12/08/2017,2.0,2.0,752.0,48.0,-37.91212,145.1793
ID367077469,4a Surrey St,3,h,650000.0,28/08/2016,2.0,1.0,266.0,59.0,-37.7271,144.9485
ID918262631,2/4 Carmyle Ct,2,u,411000.0,27/11/2016,1.0,1.0,0.0,24.0,-37.7608,144.863
ID455146881,160 Glenlyon Rd,3,h,825000.0,22/05/2016,1.0,1.0,213.0,99.0,-37.7729,144.9724
ID818686649,171 Mitchell St,4,h,675000.0,28/05/2016,1.0,1.0,595.0,69.0,-37.7817,144.868
ID440104909,4/5 Empire St,2,u,295000.0,15/10/2016,1.0,1.0,0.0,59.0,-37.7903,144.891
ID866856904,2/13 Walker St,2,h,707000.0,8/04/2017,1.0,1.0,646.0,79.0,-37.8949,145.072
ID143374704,3/18 Essex Rd,2,u,770000.0,7/11/2016,1.0,1.0,156.0,59.0,-37.8275,145.0919
ID664173458,2/20 Talmage St,2,t,340000.0,29/07/2017,1.0,1.0,100.0,39.0,-37.77956,144.82519
ID182503951,1/11 Glengala Rd,3,h,453000.0,17/06/2017,1.0,1.0,305.0,13.0,-37.788740000000004,144.82398999999995
ID635871617,1/171 Waiora Rd,3,u,630000.0,27/05/2017,1.0,1.0,277.0,6.0,-37.73426,145.05986000000001
ID289321311,1/1 Perry St,4,t,1105000.0,30/07/2016,2.0,2.0,220.0,4.0,-37.9387,145.0398
ID429859305,5 Charlotte St,2,h,1000000.0,19/11/2016,1.0,2.0,159.0,139.0,-37.7962,144.9887
ID266039028,3/673 Geelong Rd,3,t,430000.0,10/09/2016,1.0,1.0,131.0,99.0,-37.8203,144.8386
ID427515378,18 Belgrave St,3,h,1750000.0,24/06/2017,2.0,0.0,234.0,19.0,-37.82839,145.04086
ID835488464,286 Barkly St,1,h,1200000.0,22/04/2017,1.0,0.0,225.0,7.0,-37.7761,144.9593
ID246824690,1/125 Glen Huntly Rd,2,u,630000.0,15/10/2016,1.0,1.0,0.0,59.0,-37.8828,144.9897
ID800324009,10 Hansen Rd,4,h,950000.0,15/07/2017,2.0,4.0,2033.0,49.0,-37.86669000000001,145.29959
ID529163662,5/60 Farnham St,1,u,345000.0,18/06/2016,1.0,1.0,0.0,49.0,-37.7826,144.9311
ID996865823,10 Haynes St,4,h,1535000.0,22/07/2017,2.0,2.0,719.0,21.0,-37.94999,145.03122
ID617701326,2 McPherson St,2,h,810000.0,28/05/2016,1.0,1.0,370.0,59.0,-37.7489,144.9598
ID299071373,8 Conifer Cl,3,h,660000.0,9/09/2017,1.0,3.0,467.0,34.0,-37.69271,144.891
ID842467133,15 Seaton St,3,h,2152500.0,3/09/2017,2.0,2.0,656.0,89.0,-37.86521,145.07034
ID677790891,5/652 Barkly St,2,u,456000.0,28/05/2016,1.0,1.0,0.0,44.0,-37.7966,144.8716
ID393478637,11A Mortimore St,3,h,1222500.0,4/02/2016,2.0,2.0,299.0,19.0,-37.9272,145.0406
ID982370960,14 Chalmers La,3,h,900000.0,3/12/2016,2.0,2.0,194.0,9.0,-37.8395,144.8787
ID992325362,21 Tait St,3,h,950000.0,14/05/2016,2.0,2.0,281.0,69.0,-37.8431,144.8845
ID603694204,1/170 Barkly St,2,u,509000.0,3/09/2016,1.0,1.0,0.0,29.0,-37.8679,144.9813
ID405873726,4/16 Rosella St,2,u,680000.0,7/05/2016,1.0,2.0,275.0,44.0,-37.8936,145.0725
ID470380728,3/8 Ashted Rd,2,u,636000.0,19/11/2016,1.0,1.0,151.0,49.0,-37.8234,145.1235
ID172485959,105a Victory Rd,3,h,612000.0,22/08/2016,2.0,1.0,212.0,44.0,-37.7181,144.8824
ID596526100,92 Simpson St,2,h,950000.0,6/05/2017,1.0,0.0,94.0,79.0,-37.8167,144.888
ID746119342,6/51 Armadale St,2,u,704000.0,19/11/2016,1.0,1.0,0.0,50.0,-37.8573,145.0186
ID742134944,2/33 Oakleigh Rd,2,t,930000.0,10/12/2016,2.0,1.0,166.0,10.0,-37.8982,145.0488
ID361209423,12 Auburn Gr,3,h,2360000.0,18/03/2017,2.0,0.0,336.0,84.0,-37.8558,145.015
ID713010614,14 Hartland Rd,5,h,1425000.0,24/06/2017,3.0,3.0,842.0,59.0,-37.85841,145.18248
ID875484950,2/49 Hamilton St,2,t,617500.0,10/09/2016,1.0,1.0,237.0,7.0,-37.74,144.8851
ID160838184,506/220 Commercial Rd,3,u,1400000.0,4/06/2016,2.0,2.0,0.0,99.0,-37.847,144.9936
ID815892203,38 Armstrong Dr,5,h,970000.0,12/08/2017,3.0,2.0,725.0,44.0,-37.92739,145.25705
ID953865832,107/10 Stanley St,1,u,430000.0,18/03/2017,1.0,1.0,0.0,119.0,-37.8019,144.9845
ID698682658,28 Kenneth St,4,h,976000.0,18/06/2016,1.0,1.0,701.0,34.0,-37.7786,145.0945
ID315523928,6/20 Johnstone St,2,t,500000.0,16/07/2016,1.0,1.0,0.0,49.0,-37.8693,145.0348
ID893158707,21 Bruce St,3,h,1535000.0,28/08/2016,2.0,2.0,572.0,89.0,-37.9148,145.0404
ID941120112,23 York St,4,h,1035000.0,16/04/2016,1.0,2.0,610.0,69.0,-37.9193,145.0691
ID475135732,213/253 Bridge Rd,1,u,370000.0,8/04/2017,1.0,1.0,3512.0,8.0,-37.8183,144.9979
ID207338359,107A Charles St,3,t,1420000.0,17/06/2017,2.0,2.0,187.0,4.0,-37.84714,144.98927
ID922947792,3/127 Dendy St,2,u,692000.0,26/07/2016,1.0,1.0,74.0,59.0,-37.9207,145.0079
ID629115198,537 Neerim Rd,4,h,1500000.0,4/03/2017,2.0,1.0,650.0,84.0,-37.8918,145.0769
ID848769128,215 Doncaster Rd,3,h,1670000.0,29/04/2017,0.0,0.0,818.0,25.0,-37.7939,145.0866
ID483366604,11 Kerferd St,2,h,941000.0,13/05/2017,1.0,2.0,413.0,29.0,-37.7355,144.9545
ID644951091,5/57 Blyth St,3,u,730000.0,28/05/2016,2.0,1.0,70.0,5.0,-37.868,144.8285
ID283494857,6 McNeilage St,2,h,832500.0,7/05/2016,1.0,2.0,562.0,69.0,-37.8333,144.8868
ID450865352,12/37 Tennyson St,2,u,520000.0,12/08/2017,1.0,1.0,3256.0,49.0,-37.87594,144.98833
ID914978789,2/7 Maitland St,2,u,529500.0,26/07/2016,1.0,1.0,0.0,12.0,-37.8572,145.0423
ID261655818,13 Lobelia Ct,3,h,980000.0,17/06/2017,2.0,2.0,702.0,39.0,-37.97658,145.11887
ID614636844,19 Wolviston Av,4,h,660000.0,8/07/2017,2.0,2.0,724.0,13.0,-37.6869,144.7485
ID653991212,9 Marama St,4,h,1009000.0,12/11/2016,1.0,2.0,590.0,69.0,-37.7197,144.9585
ID123379824,2/287 Liberty Pde,2,t,370000.0,7/05/2016,1.0,1.0,100.0,6.0,-37.7383,145.036
ID288753908,19 Dena Ct,4,h,1860000.0,24/06/2017,3.0,3.0,682.0,24.0,-37.7572,145.15456
ID699695906,2/11 Francesco St,3,t,1030000.0,18/03/2017,2.0,2.0,327.0,9.0,-37.9195,145.0555
ID913173397,109/311 Burwood Rd,1,u,370000.0,28/08/2016,1.0,1.0,0.0,5.0,-37.8222,145.0329
ID669051053,109 Rankins Rd,2,h,1234500.0,13/08/2016,2.0,2.0,169.0,11.0,-37.7922,144.9316
ID344704521,604/353 Napier St,2,u,830000.0,8/07/2017,2.0,1.0,4421.0,8.0,-37.79721,144.98073
ID680124638,8/232 Williamstown Rd,2,u,500000.0,12/08/2017,1.0,1.0,0.0,6.0,-37.813520000000004,144.88311000000004
ID163757091,14 Birk Ct,3,h,525000.0,27/06/2016,2.0,1.0,223.0,19.0,-37.704,144.8984
ID215641042,2/277 Warrigal Rd,2,t,700000.0,27/05/2017,1.0,1.0,148.0,69.0,-37.847429999999996,145.09656999999999
ID192227061,12 Tantani St,3,h,506000.0,15/07/2017,1.0,4.0,578.0,35.0,-38.13743,145.16702
ID443536190,39 Heath St,2,h,900000.0,14/05/2016,1.0,0.0,124.0,119.0,-37.8356,144.9439
ID879466383,16/74 Thomas St,2,t,345000.0,15/07/2017,1.0,1.0,305.0,20.0,-37.6522,145.09261
ID392263930,2/5 Camperdown St,2,u,905000.0,15/10/2016,1.0,2.0,189.0,39.0,-37.9172,145.0072
ID295175469,17 Goodwood Dr,3,h,683000.0,26/08/2017,2.0,2.0,664.0,41.0,-37.724740000000004,144.79545
ID977598227,3/87 Gaffney St,2,u,445000.0,28/05/2016,1.0,1.0,0.0,12.0,-37.7336,144.9597
ID810258585,6/15 Shakespeare Gr,2,u,805000.0,3/06/2017,1.0,1.0,0.0,54.0,-37.82258,145.0193
ID445071307,11 David Av,4,h,1188000.0,9/09/2017,2.0,2.0,612.0,58.0,-37.74375,144.87487
ID853249329,4 Adrian St,3,h,780000.0,22/05/2016,1.0,1.0,710.0,53.0,-37.9324,145.0577
ID367556219,1 Nunan St,4,h,856000.0,3/12/2016,2.0,2.0,136.0,22.0,-37.7601,144.9805
ID719127153,33 Power St,4,h,1700000.0,30/07/2016,1.0,1.0,672.0,84.0,-37.8099,145.0792
ID337144392,1 Tynan St,3,h,1070000.0,18/03/2017,1.0,2.0,585.0,69.0,-37.7358,144.9889
ID568905685,61 Doyle St,3,h,635000.0,26/07/2016,1.0,1.0,597.0,59.0,-37.7568,144.8572
ID226865039,24a Franklin St,3,t,800000.0,28/08/2016,2.0,1.0,0.0,20.0,-37.9374,145.0542
ID954922748,46 Cassels Rd,2,h,860000.0,16/04/2016,1.0,2.0,352.0,119.0,-37.7566,144.9599
ID561572519,76 Saltley St,3,h,790000.0,3/06/2017,2.0,2.0,334.0,16.0,-37.83137,144.86731
ID620010217,8 Carmichael St,3,h,1640000.0,27/05/2017,1.0,2.0,617.0,89.0,-37.77212,145.05813
ID591577904,38 Bent St,2,h,1060000.0,12/08/2017,1.0,1.0,283.0,59.0,-37.76218,144.92886000000001
ID684502028,2 Hope St,3,h,1080000.0,10/12/2016,2.0,1.0,369.0,64.0,-37.7389,144.9821
ID357326712,24 Greenaway Dr,4,h,820000.0,9/09/2017,2.0,2.0,728.0,49.0,-37.88393,145.26225
ID368961516,9 Hibiscus Cl,3,h,482000.0,3/09/2017,2.0,2.0,452.0,27.0,-37.640229999999995,144.91398999999996
ID500992357,173 Cumberland Rd,4,h,723000.0,22/05/2016,1.0,2.0,485.0,59.0,-37.7239,144.9395
ID441444703,25 Bruce St,3,h,690000.0,26/08/2017,1.0,2.0,535.0,89.0,-37.67324,145.03513
ID726742081,1/5 Thistle St,1,h,350000.0,22/04/2017,1.0,1.0,46.0,49.0,-37.7515,144.9125
ID384876141,2 Finch St,3,h,1020000.0,24/06/2017,1.0,2.0,570.0,49.0,-37.87028,144.80749
ID560296469,125 Napier St,2,h,1150000.0,22/04/2017,1.0,1.0,91.0,49.0,-37.836,144.9638
ID705763921,2D Paxton St,4,t,2560000.0,25/02/2017,3.0,2.0,427.0,7.0,-37.8704,145.0503
ID914714356,1/52 Union Rd,2,u,620000.0,19/11/2016,1.0,1.0,96.0,44.0,-37.8305,145.0961
ID125958977,67 Alexandra St,3,h,1326000.0,24/06/2017,1.0,2.0,1020.0,59.0,-37.70821,145.10405
ID672873567,1A Dactyl Rd,3,h,1401500.0,24/06/2017,2.0,4.0,867.0,49.0,-37.94107,145.04217
ID798321493,35 Carlton St,3,h,800000.0,29/07/2017,1.0,2.0,591.0,49.0,-37.78062,144.84803
ID182360047,507/325 Collins St,2,u,733000.0,24/09/2016,2.0,1.0,0.0,54.0,-37.8166,144.9635
ID343080944,16 Sandover Dr,4,h,570000.0,3/09/2017,2.0,2.0,504.0,19.0,-37.61419,144.93448
ID368837372,4/67 Easey St,2,u,535000.0,6/05/2017,1.0,1.0,0.0,49.0,-37.7981,144.9883
ID305582386,248 Montague St,3,h,1650000.0,17/09/2016,2.0,0.0,204.0,129.0,-37.8357,144.9531
ID652691548,5 Nicosia Ct,3,h,1070000.0,8/04/2017,2.0,5.0,442.0,16.0,-37.8538,144.8722
ID580051849,3/1 Corhampton Rd,2,h,685000.0,22/05/2016,1.0,1.0,177.0,44.0,-37.7935,145.0679
ID794438657,50 Wilson St,4,h,1211000.0,10/09/2016,1.0,3.0,477.0,109.0,-37.7632,144.9292
ID930018138,4/27 Clyde St,3,t,770000.0,19/11/2016,2.0,2.0,224.0,4.0,-37.8424,144.8653
ID203745161,4/13 Alexander St,1,u,457000.0,13/08/2016,1.0,1.0,406.0,49.0,-37.796,144.9911
ID312859696,203/964 Mt Alexander Rd,1,u,325000.0,8/04/2017,1.0,1.0,0.0,54.0,-37.7537,144.917
ID551356033,9/5 Rothwell St,2,u,467000.0,3/12/2016,1.0,1.0,0.0,39.0,-37.7761,144.9201
ID138607903,2/21 Hodder St,4,t,1367000.0,26/07/2016,2.0,2.0,315.0,19.0,-37.9078,145.0222
ID748843461,16/62 Cunningham St,1,u,422000.0,19/11/2016,1.0,1.0,0.0,49.0,-37.7827,144.9999
ID909360513,25 Faversham Rd,4,h,2510000.0,13/05/2017,3.0,2.0,789.0,99.0,-37.8214,145.0843
ID430923214,1/3 Boldrewood Pde,3,h,500000.0,8/10/2016,1.0,1.0,320.0,15.0,-37.7248,145.023
ID833974598,42 Graham Rd,4,h,1010000.0,3/12/2016,3.0,2.0,669.0,59.0,-37.7419,145.083
ID266039028,3/673 Geelong Rd,3,t,430000.0,10/09/2016,1.0,1.0,131.0,99.0,-37.8203,144.8386
ID991648000,155 Chambers Rd,4,h,760000.0,27/06/2016,1.0,3.0,668.0,59.0,-37.8262,144.8439
ID918868449,9 Sargood St,2,h,642000.0,27/06/2016,1.0,0.0,167.0,79.0,-37.7477,144.9647
ID930804896,20 McGuinness Rd,4,h,1150000.0,22/08/2016,2.0,2.0,639.0,13.0,-37.9258,145.075
ID876566087,18a Creswell Av,3,u,700000.0,12/08/2017,2.0,1.0,239.0,139.0,-37.733509999999995,144.88748999999999
ID598436403,31 Gardiner Pde,4,h,2625000.0,19/11/2016,3.0,2.0,840.0,89.0,-37.8538,145.0641
ID779072445,27 Thomson Dr,4,h,890000.0,14/05/2016,3.0,2.0,583.0,49.0,-37.733000000000004,145.0694
ID400472896,71 Wallara Cr,3,h,660000.0,8/07/2017,1.0,2.0,582.0,49.0,-37.70301,145.06341
ID182103501,18 Blair St,3,t,550000.0,7/05/2016,2.0,2.0,77.0,19.0,-37.7743,144.8797
ID599116461,1/25 Mercer Rd,3,u,2120000.0,29/04/2017,2.0,3.0,395.0,39.0,-37.8536,145.0263
ID878198477,15 Kwinana Ct,3,h,1223500.0,22/08/2016,2.0,2.0,721.0,39.0,-37.758,145.0408
ID334993483,39 Keon St,3,h,1020000.0,18/03/2017,1.0,1.0,366.0,49.0,-37.7524,144.9912
ID416293053,103/25 Byron St,1,u,450000.0,16/07/2016,1.0,1.0,0.0,7.0,-37.802,144.9516
ID395088352,13 Benbow St,3,h,1000000.0,3/09/2016,2.0,1.0,448.0,79.0,-37.8228,144.8799
ID768428575,301/163 Cremorne St,1,u,425000.0,6/08/2016,1.0,1.0,0.0,12.0,-37.8301,144.9904
ID146106330,9 Summerhill Rd,3,h,1890000.0,3/06/2017,1.0,2.0,554.0,94.0,-37.84949,145.07726
ID831948153,32 Sherlowe Cr,4,h,1295000.0,12/08/2017,2.0,2.0,702.0,41.0,-37.73226,145.09855
ID800165274,33 Dalgety Dr,3,h,960000.0,10/12/2016,2.0,2.0,229.0,8.0,-37.7778,144.9065
ID471560301,3 Reynella Cl,4,h,1400000.0,24/06/2017,3.0,2.0,882.0,59.0,-37.85484,145.1989
ID477052268,218 Nott St,2,h,1275000.0,7/05/2016,2.0,1.0,115.0,4.0,-37.8351,144.9441
ID916680013,2/12 Chettam St,3,u,380500.0,27/05/2017,2.0,1.0,156.0,6.0,-37.6349,145.04041999999995
ID921201660,2 Julie Ct,3,h,1650000.0,17/06/2017,1.0,2.0,964.0,61.0,-37.86572,145.09763
ID857547264,45 Elizabeth St,4,h,1385000.0,22/07/2017,3.0,2.0,417.0,39.0,-37.792229999999996,145.14606
ID278350383,4/287 Albion St,1,h,412000.0,8/04/2017,1.0,1.0,85.0,119.0,-37.7598,144.9563
ID186351428,62 Mirams St,3,h,890000.0,16/07/2016,1.0,1.0,242.0,99.0,-37.7765,144.9114
ID900300335,4/14 Brickwood St,2,u,858000.0,18/03/2017,1.0,1.0,107.0,69.0,-37.8958,144.9982
ID284334757,2/95 Dodds St,2,u,623000.0,7/05/2016,1.0,1.0,0.0,24.0,-37.828,144.9683
ID590309002,3/12 Somers St,2,u,605000.0,6/05/2017,1.0,1.0,81.0,54.0,-37.8495,145.0999
ID668929468,111 Chomley St,2,h,1305000.0,8/04/2017,1.0,1.0,210.0,14.0,-37.8551,145.0058
ID747403972,72 Military Rd,4,h,680000.0,24/09/2016,2.0,2.0,554.0,59.0,-37.7649,144.8633
ID204246572,15 McGregor St,2,h,1690000.0,13/08/2016,1.0,1.0,145.0,89.0,-37.852,144.9654
ID698653515,15 Cooraminta St,3,h,1900000.0,3/06/2017,2.0,3.0,372.0,12.0,-37.7649,144.96761999999995
ID690898695,2/36 Selwyn St,3,u,580000.0,13/05/2017,2.0,2.0,250.0,6.0,-37.7798,144.8156
ID954574352,3/80 Rathcown Rd,2,u,470000.0,27/05/2017,1.0,1.0,142.0,12.0,-37.70932,145.02483999999995
ID798332588,2/25 Cloverdale Rd,3,u,1162000.0,10/09/2016,2.0,2.0,281.0,79.0,-37.8579,145.0736
ID252643638,1/217 West St,5,t,645000.0,20/05/2017,1.0,1.0,227.0,6.0,-37.6979,144.941
ID532018245,13 Cannon St,3,h,605000.0,19/11/2016,1.0,1.0,462.0,63.0,-37.7969,144.8276
ID686918609,2/22 Scott Gr,3,t,780000.0,10/09/2016,2.0,2.0,160.0,17.0,-37.8525,145.0973
ID529533696,129 Glenlyon Rd,3,h,1652000.0,6/05/2017,1.0,2.0,506.0,98.0,-37.7723,144.9694
ID249606922,40 Ridley St,5,h,905000.0,3/09/2017,2.0,3.0,732.0,94.0,-37.78345,144.82295
ID440558627,2/26 Pearson St,2,u,536000.0,3/12/2016,1.0,2.0,0.0,49.0,-37.9081,145.0043
ID729362424,18 Montrose St,2,h,1075000.0,4/06/2016,1.0,2.0,695.0,69.0,-37.8694,145.0944
ID240887084,327 Gillies St,3,h,1210000.0,12/06/2016,2.0,2.0,398.0,44.0,-37.76300000000001,145.0198
ID644382556,1 Barunah St,4,h,777000.0,13/08/2016,1.0,2.0,700.0,59.0,-37.704,144.9399
ID512365337,2B Bradford Ct,3,t,579000.0,19/11/2016,2.0,1.0,198.0,6.0,-37.7827,144.8625
ID316011820,72 Bishop St,3,h,1400000.0,15/07/2017,3.0,6.0,668.0,29.0,-37.81381,144.87438
ID190673158,186 Gilbert Rd,2,h,1365000.0,24/06/2017,1.0,2.0,525.0,79.0,-37.744409999999995,144.98928
ID759905980,11 Council St,3,h,1320000.0,18/06/2016,2.0,1.0,213.0,129.0,-37.8302,145.0542
ID550400287,3/19 Harker St,2,u,525500.0,12/11/2016,1.0,1.0,88.0,59.0,-37.7791,145.0306
ID255587572,352 Middleborough Rd,3,h,1040000.0,16/09/2017,1.0,2.0,700.0,7.0,-37.82378,145.13778
ID580135058,5/361 Royal Pde,1,u,401000.0,19/11/2016,1.0,1.0,0.0,129.0,-37.7852,144.9589
ID493253177,41 Wards Gr,2,h,1180000.0,27/06/2016,1.0,1.0,687.0,24.0,-37.9234,145.0616
ID245435866,204 Page St,6,h,5600000.0,3/06/2017,4.0,2.0,472.0,104.0,-37.852309999999996,144.96373
ID314001994,8 Aberdeen Gr,3,h,1320000.0,16/09/2017,1.0,1.0,227.0,99.0,-37.77432,144.99111000000005
ID834239191,7 Francis St,3,h,1380000.0,4/03/2017,2.0,2.0,277.0,109.0,-37.7777,144.9221
ID678202430,30 Grange Rd,4,h,1905000.0,3/09/2017,2.0,2.0,1471.0,59.0,-38.15984,145.10884
ID444034215,14 John St,3,h,1617000.0,17/06/2017,1.0,2.0,650.0,61.0,-37.91905,145.05597
ID901450801,672 Plenty Rd,5,h,630000.0,4/03/2017,5.0,3.0,199.0,10.0,-37.7309,145.0151
ID351638991,7/27 Robe St,2,u,365000.0,1/07/2017,1.0,1.0,881.0,26.0,-37.86476,144.97826
ID720360754,3 Fawkner Rd,3,h,940000.0,17/09/2016,1.0,1.0,589.0,49.0,-37.7282,144.9312
ID847896608,14 Alfrick Rd,3,h,567000.0,17/06/2017,1.0,1.0,420.0,12.0,-37.80106,145.28741000000005
ID899827983,8 Hicks St,3,h,1051000.0,12/08/2017,2.0,2.0,597.0,10.0,-37.98703,145.09131000000005
ID260045161,10/352 Auburn Rd,2,u,560000.0,22/04/2017,1.0,0.0,0.0,59.0,-37.832,145.0431
ID469798937,23A Fromer St,3,t,1303000.0,13/05/2017,2.0,2.0,334.0,13.0,-37.9284,145.0428
ID490616409,1 Curzon St,3,h,1975000.0,13/05/2017,1.0,2.0,688.0,69.0,-37.9212,145.013
ID407892911,17 Cooper St,3,h,1365000.0,7/05/2016,1.0,1.0,754.0,4.0,-37.7528,144.8967
ID835107886,80 Brougham St,4,h,2850000.0,25/02/2017,2.0,4.0,690.0,129.0,-37.8037,145.0308
ID996781467,112/86 Altona St,2,u,438000.0,8/07/2017,1.0,1.0,4267.0,17.0,-37.796620000000004,144.9254
ID397617866,2 Dransfield Wy,3,h,552500.0,23/09/2017,1.0,1.0,521.0,29.0,-37.63854,145.05178999999995
ID350965751,5/440 Hampton St,2,u,616000.0,6/08/2016,1.0,1.0,0.0,14.0,-37.9373,145.0027
ID641928265,1 Frogmore Rd,3,h,1600000.0,7/05/2016,2.0,2.0,751.0,96.0,-37.8945,145.0648
ID965284641,4 Knapp St,3,h,781000.0,3/09/2016,1.0,2.0,533.0,49.0,-37.8291,144.835
ID587995369,12 Wyalong St,2,h,730000.0,4/03/2017,1.0,0.0,697.0,49.0,-37.7778,144.81799999999996
ID225264232,5 Rigby La,3,t,845000.0,4/03/2017,2.0,1.0,132.0,109.0,-37.7907,144.9247
ID937234240,18/180 Union St,2,u,435000.0,12/06/2016,1.0,1.0,0.0,17.0,-37.7727,144.9497
ID972282084,423 Burke Rd,3,h,1660000.0,10/09/2016,1.0,2.0,297.0,89.0,-37.847,145.0535
ID582152981,10 Heysen Gr,4,h,1225000.0,29/07/2017,2.0,2.0,511.0,31.0,-37.77746,145.17161000000004
ID700191924,15 Hollsmoor Rd,4,h,2228000.0,18/03/2017,2.0,2.0,813.0,59.0,-37.8405,145.0903
ID837392800,3/94 Balwyn Rd,2,u,1053000.0,16/07/2016,1.0,2.0,231.0,34.0,-37.8123,145.0821
ID324312961,46 Bourke Cr,3,h,520000.0,22/07/2017,1.0,0.0,609.0,33.0,-37.86991,144.68607
ID203510187,24 Burnell St,3,h,1245000.0,14/05/2016,1.0,1.0,412.0,85.0,-37.7618,144.9455
ID929510688,24 Swallow St,3,h,455000.0,12/08/2017,1.0,1.0,610.0,39.0,-37.88632,144.67582
ID874918517,21 Maud St,3,h,1300000.0,12/11/2016,1.0,2.0,464.0,64.0,-37.7945,145.0667
ID585108931,208/11 Hillingdon Pl,1,u,550000.0,8/04/2017,1.0,1.0,0.0,119.0,-37.8516,144.9943
ID180222253,32 Dorrit St,4,h,2033000.0,23/04/2016,2.0,2.0,123.0,6.0,-37.7998,144.9665
ID599115679,7 Wilson St,3,h,3550000.0,27/11/2016,2.0,0.0,1007.0,77.0,-37.9097,144.9981
ID236264326,1/54 Furneaux Gr,5,h,760000.0,20/05/2017,2.0,2.0,411.0,64.0,-37.7784,145.091
ID198295383,7 Empress Rd,3,h,1910000.0,6/08/2016,2.0,1.0,404.0,99.0,-37.8203,145.088
ID598436403,31 Gardiner Pde,4,h,2625000.0,19/11/2016,3.0,2.0,840.0,89.0,-37.8538,145.0641
ID179622243,61 Weatherall Rd,4,h,1500000.0,24/06/2017,2.0,3.0,724.0,54.0,-37.97076,145.04186
ID336379533,6/26 Parkside St,2,u,975000.0,3/06/2017,1.0,1.0,1764.0,49.0,-37.8879,145.01198
ID277645044,1/27 Maling Rd,4,t,1420000.0,28/08/2016,2.0,2.0,278.0,7.0,-37.8273,145.0752
ID126263835,33 Thiele St,4,h,1396000.0,3/12/2016,1.0,2.0,658.0,44.0,-37.7827,145.1358
ID276068108,24 Tudor Ct,2,u,612500.0,27/05/2017,1.0,2.0,421.0,44.0,-38.03093,145.11618
ID567978701,22/89 Neerim Rd,2,t,710000.0,25/02/2017,1.0,1.0,0.0,49.0,-37.8866,145.0396
ID326380740,10 Glen St,3,h,1400000.0,20/05/2017,1.0,1.0,476.0,42.0,-37.7495,144.9157
ID464677929,38 Tribe St,3,h,2633000.0,4/03/2017,1.0,0.0,276.0,119.0,-37.838,144.9489
ID673423150,20 Bedford St,3,h,605000.0,3/09/2016,1.0,2.0,597.0,59.0,-37.711,144.9478
ID736520818,51 Dixon St,2,h,1611000.0,12/11/2016,1.0,2.0,277.0,11.0,-37.8586,145.0375
ID598017432,160 Cornwall Rd,3,h,1001000.0,4/03/2017,1.0,5.0,879.0,69.0,-37.7796,144.8426
ID216191448,33 Ogilvie St,4,h,1113000.0,28/08/2016,1.0,2.0,533.0,69.0,-37.7509,144.8922
ID696323696,159 Cooper St,3,t,650000.0,13/08/2016,2.0,1.0,160.0,34.0,-37.7403,144.8989
ID759993574,2/31 Leslie Rd,2,u,485000.0,17/06/2017,1.0,1.0,1856.0,12.0,-37.76,144.91439
ID918459850,1/12 Brooks St,3,t,460000.0,15/10/2016,1.0,1.0,314.0,49.0,-37.7066,144.9733
ID348081901,17 Brigantia St,4,h,550000.0,12/08/2017,2.0,2.0,400.0,8.0,-37.621140000000004,144.99715
ID307753430,54 Victoria St,5,h,2550000.0,19/08/2017,2.0,2.0,840.0,109.0,-37.8633,144.88871
ID551664707,128 Atherton Rd,2,h,1010000.0,4/03/2017,1.0,2.0,553.0,81.0,-37.9001,145.0981
ID783907452,2 Celia St,6,h,2250000.0,10/09/2016,3.0,2.0,650.0,79.0,-37.8534,145.0785
ID479681859,6/17 Geddes St,2,u,570000.0,22/05/2016,1.0,1.0,0.0,119.0,-37.7779,144.9137
ID185456454,21 Liscard St,3,h,1800000.0,16/04/2016,2.0,2.0,492.0,114.0,-37.8789,145.0048
ID225763688,18 Barbara St,3,h,1111500.0,15/07/2017,1.0,0.0,722.0,59.0,-37.8324,145.20467
ID707602969,101 Roberts St,3,h,1050000.0,4/06/2016,2.0,1.0,462.0,59.0,-37.8128,144.8695
ID453288369,77 Karingal Dr,4,h,1030000.0,26/08/2017,3.0,3.0,1061.0,59.0,-37.705909999999996,145.13005
ID563146725,13 Clinnick St,3,h,935000.0,12/08/2017,1.0,2.0,529.0,59.0,-37.72017,144.99873
ID586022318,20 Astley St,4,h,1209000.0,26/07/2016,2.0,2.0,770.0,54.0,-37.7617,145.1065
ID940507033,11B Mahoneys Rd,3,h,550000.0,15/07/2017,1.0,2.0,1723.0,6.0,-37.69484,145.00853999999995
ID464247227,104/2 Cromwell Rd,2,u,800000.0,3/06/2017,2.0,1.0,0.0,5.0,-37.847120000000004,144.99967
ID755487555,4 Adina Pl,3,h,607500.0,23/09/2017,2.0,2.0,528.0,19.0,-37.71046,144.77043
ID938748304,50 Leinster Gr,3,h,1110000.0,17/09/2016,1.0,1.0,562.0,69.0,-37.7602,144.9878
ID667619495,2/36 Halls Pde,3,t,917000.0,1/07/2017,2.0,2.0,260.0,15.0,-37.830999999999996,145.19843999999995
ID993935302,22/382 Toorak Rd,2,u,601000.0,10/12/2016,1.0,1.0,0.0,49.0,-37.8406,145.0033
ID339148643,2/11 Peace St,3,h,1425000.0,4/03/2017,2.0,2.0,217.0,13.0,-37.8639,145.0641
ID420073886,36A Windsor Av,4,t,1655000.0,26/08/2017,2.0,2.0,361.0,90.0,-37.91406,145.04865
ID847291944,9 Bond St,3,h,735000.0,8/07/2017,1.0,1.0,626.0,69.0,-37.71425,144.95013
ID498686407,4/51 Spenser St,2,u,760000.0,27/11/2016,1.0,0.0,0.0,89.0,-37.8718,144.9776
ID240635044,4 Graeme Ct,4,h,1244000.0,23/04/2016,2.0,2.0,530.0,44.0,-37.7735,145.088
ID908018592,2/37 Donna Buang St,3,h,1430000.0,12/11/2016,2.0,2.0,244.0,81.0,-37.8446,145.06799999999996
ID136680745,24/101 Leveson St,2,u,585000.0,4/06/2016,1.0,1.0,0.0,59.0,-37.802,144.951
ID290874459,9 South St,3,h,646000.0,12/11/2016,1.0,2.0,574.0,49.0,-37.7157,144.9507
ID831679746,7/22 Derby St,1,u,450000.0,24/09/2016,1.0,1.0,0.0,119.0,-37.8509,145.0203
ID857182609,12 Nisbett St,3,h,546000.0,13/08/2016,1.0,2.0,592.0,59.0,-37.728,145.0352
ID603090284,3/33 Glen Ebor Av,3,h,786000.0,23/09/2017,1.0,2.0,1271.0,39.0,-37.821509999999996,145.16138999999995
ID749804393,1/10 Morton St,3,u,780000.0,24/06/2017,2.0,1.0,318.0,19.0,-37.917120000000004,145.13625
ID225449878,18 Darebin Dr,3,h,651000.0,24/06/2017,1.0,2.0,555.0,49.0,-37.682109999999994,145.03204
ID385384451,7/74 Hawdon St,2,u,534000.0,8/07/2017,1.0,1.0,2033.0,49.0,-37.75715,145.06463
ID162428360,12/132 Princes St,2,u,556000.0,16/07/2016,2.0,1.0,0.0,10.0,-37.784,144.9356
ID622385265,22 Mephan St,3,t,815000.0,24/06/2017,2.0,2.0,198.0,29.0,-37.78667,144.88834
ID785657262,32 Kynoch St,4,h,650000.0,24/06/2017,2.0,2.0,709.0,49.0,-37.76336,144.7725
ID736102575,12 Achilles St,3,h,575500.0,8/07/2017,1.0,1.0,436.0,49.0,-37.734590000000004,145.04394
ID427182321,7/88 Stephen St,2,u,782000.0,4/03/2017,1.0,1.0,1555.0,6.0,-37.8156,144.8943
ID390117958,2/29 May Rd,1,u,430000.0,4/06/2016,1.0,1.0,0.0,49.0,-37.8473,145.0053
ID822221598,525a Neerim Rd,4,h,1800000.0,28/05/2016,2.0,2.0,990.0,16.0,-37.8916,145.0753
ID345043155,3 Murphy St,3,h,1470000.0,17/09/2016,1.0,0.0,232.0,89.0,-37.7977,144.9512
ID153174933,21A Geddes St,3,h,1037500.0,19/11/2016,1.0,2.0,506.0,99.0,-37.7779,144.9133
ID884646232,34 Drysdale St,2,h,635000.0,10/12/2016,1.0,1.0,608.0,54.0,-37.7293,145.0224
ID491221983,41 Leura Gr,4,h,3600000.0,13/05/2017,3.0,2.0,667.0,31.0,-37.8374,145.0511
ID384238965,2/23 Peace St,3,t,1315000.0,29/04/2017,2.0,2.0,184.0,49.0,-37.8644,145.063
ID363179458,144 Cobden St,3,h,1405000.0,4/06/2016,1.0,1.0,181.0,139.0,-37.8365,144.9631
ID312899979,55 King St,4,h,1550000.0,4/06/2016,2.0,2.0,470.0,79.0,-37.7735,144.9833
ID295420345,8 Rose St,4,h,2435000.0,6/08/2016,2.0,2.0,795.0,91.0,-37.9166,145.0314
ID992036380,172 Rossmoyne St,3,h,1280000.0,25/02/2017,2.0,2.0,349.0,119.0,-37.7584,145.0115
ID773881588,11 Sackville St,4,h,1000500.0,30/07/2016,2.0,1.0,592.0,69.0,-37.7478,145.0477
ID183739304,16 Heather Ct,3,h,695000.0,3/06/2017,1.0,2.0,649.0,64.0,-37.69777,144.91952
ID397270490,18 Katunga Cr,4,h,706000.0,29/07/2017,1.0,4.0,752.0,59.0,-37.67641,144.91435
ID982192498,4/97 Cowper St,1,u,275000.0,16/07/2016,1.0,1.0,0.0,49.0,-37.8053,144.9029
ID994343633,151 Ogilvie St,3,h,1266000.0,16/07/2016,1.0,2.0,635.0,99.0,-37.74,144.8941
ID138953311,1/6 Edgar St,1,u,291000.0,12/11/2016,1.0,1.0,1097.0,37.0,-37.8576,145.0452
ID182135456,6/2 Paddington Rd,2,u,375500.0,12/11/2016,1.0,1.0,0.0,49.0,-37.8934,145.0853
ID701987123,4b Newcastle St,3,t,910000.0,7/11/2016,2.0,1.0,0.0,49.0,-37.7551,145.0108
ID786099261,11 Bailey Ct,3,h,368000.0,3/12/2016,1.0,2.0,600.0,129.0,-37.6783,144.9672
ID798449482,13 Mills St,2,t,1285000.0,24/06/2017,1.0,1.0,348.0,27.0,-37.93557,145.00463
ID320506678,2/86 Phoenix St,2,u,315000.0,8/10/2016,1.0,1.0,14.0,29.0,-37.7756,144.8345
ID804103623,5 Lola St,5,h,880000.0,23/09/2017,3.0,2.0,654.0,59.0,-37.929140000000004,145.17372
ID398168000,309 Waverley Rd,5,h,1450000.0,3/06/2017,2.0,2.0,728.0,18.0,-37.88409,145.12368999999995
ID760686646,17/6 Rosamond Rd,2,t,485000.0,8/04/2017,2.0,1.0,0.0,8.0,-37.7883,144.884
ID587104548,17 Curtin Dr,3,h,480500.0,19/08/2017,1.0,1.0,664.0,59.0,-37.56279,144.7304
ID441468764,94 Davies St,4,h,1385000.0,13/05/2017,2.0,4.0,650.0,69.0,-37.7575,144.9716
ID569204372,1/42 Wattle Dr,3,h,582000.0,8/10/2016,1.0,0.0,302.0,69.0,-37.7163,145.0768
ID373355552,10 Knapp St,3,h,625000.0,28/05/2016,1.0,1.0,536.0,59.0,-37.8285,144.8351
ID541422916,1a Kingston St,2,h,610000.0,15/10/2016,0.0,0.0,94.0,3.0,-37.815,144.8827
ID772961464,20 Lockley St,3,h,827000.0,3/06/2017,1.0,2.0,676.0,59.0,-37.70328,144.94161
ID455013561,5/78 Moonya Rd,3,t,675000.0,4/06/2016,2.0,1.0,0.0,29.0,-37.8972,145.0642
ID862972180,59 Southern Rd,3,h,580000.0,4/06/2016,1.0,1.0,577.0,89.0,-37.7428,145.0532
ID759224923,507/99 River St,1,u,510000.0,4/06/2016,1.0,1.0,0.0,19.0,-37.8361,144.9966
ID908957625,3 Harold St,4,h,1500000.0,15/10/2016,2.0,1.0,593.0,89.0,-37.8655,145.096
ID304236696,79 Outhwaite Rd,3,h,657000.0,22/04/2017,1.0,1.0,317.0,69.0,-37.7397,145.0513
ID436622642,5 England St,4,h,1207000.0,22/04/2017,1.0,2.0,607.0,64.0,-37.7601,145.0856
ID416780394,36 Kenny St,3,h,2251000.0,3/12/2016,1.0,2.0,888.0,69.0,-37.8002,145.0949
ID900300335,4/14 Brickwood St,2,u,858000.0,18/03/2017,1.0,1.0,107.0,69.0,-37.8958,144.9982
ID247591933,22 Gellibrand Rd,6,h,1800000.0,3/12/2016,4.0,2.0,353.0,69.0,-37.8384,144.923
ID528985883,2/29 St Elmo Rd,1,u,385000.0,30/07/2016,1.0,1.0,0.0,49.0,-37.7638,145.0458
ID334276038,5/14 Athelstane Gr,2,u,500000.0,19/11/2016,1.0,1.0,71.0,59.0,-37.7634,145.0406
ID244554482,2/3 Donald St,3,h,680000.0,4/06/2016,3.0,1.0,81.0,3.0,-37.7575,144.9647
ID618168413,3/4 Wells St,2,u,778500.0,28/05/2016,1.0,1.0,170.0,59.0,-37.8186,145.0892
ID687251279,25 Yuruga Bvd,4,h,801000.0,29/07/2017,2.0,2.0,628.0,8.0,-37.90622000000001,144.74946
ID630065100,8/300 Racecourse Rd,1,u,395000.0,25/02/2017,1.0,1.0,818.0,139.0,-37.788000000000004,144.9306
ID946545389,23 Phillip Rd,4,h,880000.0,22/07/2017,1.0,1.0,534.0,69.0,-37.74807,144.86927
ID617043046,7/675 Park St,1,u,418000.0,13/05/2017,1.0,1.0,0.0,49.0,-37.7783,144.9635
ID197330622,2/442 Bluff Rd,2,u,800000.0,25/02/2017,1.0,2.0,282.0,32.0,-37.9444,145.0231
ID783964687,8 Echuca St,3,h,477000.0,3/09/2017,1.0,1.0,627.0,59.0,-37.667809999999996,144.93809
ID249444768,124 Yarra St,3,h,1876000.0,7/05/2016,2.0,0.0,245.0,109.0,-37.8024,144.9993
ID648140906,1/28 Nevis St,2,u,700000.0,27/11/2016,1.0,1.0,631.0,49.0,-37.8434,145.08100000000005
ID117276570,33 Disraeli St,3,h,1440000.0,27/11/2016,1.0,1.0,298.0,119.0,-37.8021,145.0391
ID737367630,10 Alexander Cl,3,h,560000.0,15/07/2017,2.0,2.0,543.0,24.0,-37.7143,144.77096
ID973529430,5/185 Brunswick Rd,4,t,860000.0,7/05/2016,2.0,1.0,95.0,139.0,-37.7772,144.9653
ID809572137,10 Leslie St,4,h,631000.0,8/07/2017,1.0,3.0,559.0,49.0,-37.735929999999996,144.8101
ID903767386,6 Leicester St,4,h,1670000.0,18/03/2017,1.0,4.0,1042.0,69.0,-37.7908,145.101
ID665221264,18 Altona St,2,h,1070000.0,17/06/2017,1.0,0.0,282.0,41.0,-37.79882,144.92745
ID374230625,62 Ramu Pde,3,h,330000.0,4/06/2016,1.0,1.0,468.0,59.0,-37.7357,145.0413
ID387821586,1/10 Callander Rd,2,t,610000.0,22/08/2016,1.0,1.0,169.0,24.0,-37.7186,144.9306
ID666275324,6 Shackell St,2,h,735000.0,6/08/2016,1.0,1.0,280.0,119.0,-37.7429,144.952
ID852506690,42 Caithness Cr,3,h,1311000.0,12/08/2017,2.0,1.0,853.0,47.0,-37.88984,145.18016
ID134939577,23 Redwood St,3,h,691000.0,3/09/2016,1.0,2.0,624.0,54.0,-37.7456,145.0397
ID546480429,8/39 Dover St,2,u,425000.0,4/03/2017,1.0,1.0,0.0,49.0,-37.7833,144.9255
ID507159391,30 Nicholson St,3,t,2030000.0,20/05/2017,2.0,2.0,201.0,139.0,-37.8428,144.9877
ID215219901,70 Penhall Dr,3,h,510000.0,22/07/2017,2.0,2.0,350.0,5.0,-37.56883,144.90887
ID870059535,200 Nicholson St,2,h,1012500.0,28/05/2016,1.0,0.0,182.0,119.0,-37.8021,144.9976
ID166501115,36 College St,2,h,2265000.0,18/03/2017,1.0,1.0,460.0,109.0,-37.8173,145.0248
ID906579355,1/52 Leila Rd,3,u,1275000.0,3/06/2017,2.0,2.0,750.0,35.0,-37.90092,145.04924
ID767318281,35 Belgrave St,3,h,1285000.0,22/07/2017,1.0,2.0,579.0,89.0,-37.744820000000004,144.97499
ID301589268,15 Marian Ct,4,h,950000.0,9/09/2017,2.0,2.0,651.0,29.0,-37.68739,145.14437
ID189276395,4 Robinson Gr,5,h,1730000.0,13/05/2017,4.0,4.0,564.0,64.0,-37.7735,145.0936
ID519887246,1/23 Aintree Rd,2,u,550000.0,7/05/2016,1.0,1.0,0.0,51.0,-37.8567,145.0435
ID419957660,38 Daisy St,3,h,1040000.0,12/08/2017,1.0,1.0,756.0,58.0,-37.82909,145.233
ID157969925,304/8 Sutherland St,3,u,610000.0,18/06/2016,2.0,0.0,0.0,15.0,-37.8114,144.961
ID193787410,8 Barilla Rd,4,h,1035000.0,28/05/2016,1.0,2.0,688.0,69.0,-37.9411,145.043
ID248488964,4/18 Shaftesbury St,1,u,280000.0,27/05/2017,1.0,1.0,28.0,49.0,-37.75209,144.92255
ID456499116,14/59 Riversdale Rd,2,u,450000.0,1/07/2017,1.0,1.0,1540.0,54.0,-37.82824,145.03136999999995
ID963504170,6 Chester St,3,h,1360000.0,4/06/2016,2.0,1.0,704.0,79.0,-37.852,145.0942
ID677985103,39 Wilkinson St,2,h,800000.0,3/09/2017,1.0,0.0,140.0,129.0,-37.76806,144.9598
ID164302076,11 Corroboree Pl,4,h,1257000.0,4/03/2017,3.0,2.0,706.0,39.0,-37.7597,145.1058
ID560071338,17 Fidge Ct,2,h,575500.0,8/07/2017,1.0,1.0,662.0,59.0,-37.68988,144.91113
ID342953107,8 Fulham Cl,3,h,750000.0,26/08/2017,1.0,2.0,698.0,59.0,-38.16624,145.13297
ID999524188,23 Campbell St,3,h,1875000.0,10/09/2016,2.0,2.0,426.0,19.0,-37.8012,145.0514
ID250310964,250 Oriel Rd,3,h,808000.0,11/02/2017,1.0,0.0,649.0,49.0,-37.7386,145.0441
ID437525078,31 Wilkinson St,3,h,950000.0,17/06/2017,1.0,0.0,230.0,111.0,-37.76811,144.96017
ID264650982,2/557 Canterbury Rd,4,t,975000.0,3/06/2017,2.0,2.0,0.0,11.0,-37.83368,145.20408999999995
ID821586945,196 Melville Rd,2,h,816000.0,28/08/2016,2.0,1.0,343.0,89.0,-37.7552,144.9458
ID328113615,2/282 Riversdale Rd,1,u,320000.0,12/11/2016,1.0,1.0,0.0,54.0,-37.8303,145.046
ID758195963,49 Berkeley St,3,h,5100000.0,3/12/2016,2.0,3.0,1038.0,14.0,-37.8332,145.0366
ID850986022,1/24 Lillimur Rd,2,u,479500.0,28/05/2016,1.0,1.0,0.0,49.0,-37.9021,145.0417
ID182269176,1/42 Adelaide St,2,u,550000.0,3/12/2016,1.0,0.0,861.0,55.0,-37.8539,145.0284
ID768470570,3/10 Westminster St,2,h,1215000.0,3/12/2016,2.0,2.0,0.0,84.0,-37.8134,145.0972
ID205083148,42 McCracken St,4,h,1365000.0,22/08/2016,2.0,1.0,242.0,16.0,-37.7913,144.9275
ID887722893,25 View St,5,h,1115000.0,15/07/2017,2.0,2.0,590.0,19.0,-37.92304,145.10984
ID119230397,9/5 Boston Rd,3,h,1140000.0,4/06/2016,2.0,2.0,175.0,43.0,-37.8162,145.0771
ID525459441,1/252 Union Rd,2,u,526000.0,10/09/2016,1.0,1.0,0.0,59.0,-37.8144,145.0993
ID641884629,43 Rose St,5,h,2285000.0,8/07/2017,3.0,2.0,803.0,44.0,-37.82148,145.1289
ID940513468,35 Hunter St,3,h,1287000.0,18/03/2017,1.0,1.0,620.0,14.0,-37.9031,145.0578
ID831948153,32 Sherlowe Cr,4,h,1295000.0,12/08/2017,2.0,2.0,702.0,41.0,-37.73226,145.09855
ID198946609,5/402 Whitehorse Rd,2,u,562500.0,19/11/2016,1.0,0.0,0.0,69.0,-37.8138,145.0879
ID151459177,3/37 Highview Dr,3,u,910000.0,7/11/2016,2.0,2.0,299.0,18.0,-37.7929,145.1338
ID222569008,10 Goold St,3,h,1000000.0,28/05/2016,1.0,1.0,589.0,49.0,-37.855,145.118
ID972849313,1/9 Binnie St,2,u,817500.0,3/09/2017,1.0,1.0,111.0,94.0,-37.92416,145.00658
ID506873785,75 Woods St,4,h,1620000.0,14/05/2016,3.0,1.0,425.0,4.0,-37.8456,144.8741
ID616281949,1/74 Miranda Rd,3,h,605000.0,13/05/2017,1.0,2.0,371.0,69.0,-37.7068,145.0193
ID600063288,21 Harrington St,3,h,853000.0,17/06/2017,1.0,1.0,600.0,69.0,-37.864940000000004,144.8157
ID175067325,1/24 Bordeaux St,2,h,522500.0,24/09/2016,1.0,1.0,220.0,24.0,-37.756,144.8641
ID758319185,56 Wellington St,3,h,1900000.0,18/06/2016,2.0,2.0,263.0,3.0,-37.8266,144.9894
ID591838407,37/22 Agnes St,2,u,740000.0,8/10/2016,0.0,0.0,0.0,129.0,-37.8177,144.9801
ID440390954,1/9 Packer St,2,u,926000.0,29/04/2017,1.0,2.0,308.0,11.0,-37.8907,145.0761
ID113913023,4/88 Addison St,2,u,687000.0,8/04/2017,1.0,1.0,1912.0,49.0,-37.8795,144.98
ID718523910,82 Hambleton St,3,h,1500000.0,27/06/2016,2.0,1.0,151.0,139.0,-37.847,144.9594
ID519390137,2/28 Hazel Dr,3,u,641000.0,4/06/2016,1.0,2.0,349.0,54.0,-37.7694,145.1082
ID803161072,30 Browns Rd,2,u,772500.0,27/06/2016,1.0,2.0,318.0,14.0,-37.9218,145.0563
ID348683999,6 Emerald St,2,h,775000.0,8/10/2016,1.0,1.0,521.0,69.0,-37.7441,145.0183
ID485500599,11 Milfay Ct,3,h,1651000.0,27/11/2016,1.0,2.0,657.0,59.0,-37.7895,145.0985
ID898120650,1 Ruby La,3,h,600000.0,26/08/2017,2.0,1.0,152.0,24.0,-37.68587,145.11508999999995
ID546838998,719a Malvern Rd,3,h,1300000.0,16/04/2016,1.0,1.0,266.0,49.0,-37.8493,145.0134
ID493253177,41 Wards Gr,2,h,1180000.0,27/06/2016,1.0,1.0,687.0,24.0,-37.9234,145.0616
ID635701479,3/7 East Rd,3,u,572000.0,1/07/2017,2.0,2.0,264.0,17.0,-38.10422,145.14158999999995
ID837482361,454 Canning St,3,h,1717500.0,24/06/2017,1.0,0.0,202.0,109.0,-37.78621,144.97512
ID404165484,33 Schulz St,4,h,1010000.0,13/08/2016,1.0,2.0,658.0,69.0,-37.9343,145.0607
ID266433806,22 Hope St,3,h,1100000.0,3/06/2017,2.0,3.0,380.0,74.0,-37.791940000000004,144.87143999999995
ID773281919,2 Tennyson St,4,h,2001000.0,15/10/2016,2.0,2.0,526.0,109.0,-37.8771,145.0505
ID956274203,10/34 MacFarlan St,2,u,775000.0,4/06/2016,1.0,1.0,0.0,19.0,-37.8394,144.9886
ID669876716,196 Nicholson St,3,h,955000.0,17/09/2016,1.0,0.0,183.0,129.0,-37.8022,144.9975
ID183905541,87 Yerrin St,3,h,1910000.0,17/09/2016,1.0,2.0,697.0,24.0,-37.8044,145.0853
ID611537115,7 Inga Ct,3,h,1301000.0,18/03/2017,1.0,2.0,620.0,49.0,-37.8812,145.105
ID364244932,20A Etka Av,4,t,1022000.0,12/08/2017,2.0,2.0,284.0,69.0,-37.73574,144.87014
ID276202073,8 Railway Cr,3,h,1005000.0,22/07/2017,1.0,1.0,1018.0,4.0,-37.79327,145.28351999999995
ID612781967,6/2 Tintern Av,2,u,920000.0,22/07/2017,2.0,1.0,0.0,84.0,-37.841390000000004,145.00678
ID415767704,22 Saxon St,4,h,1050000.0,7/05/2016,2.0,2.0,317.0,24.0,-37.7815,145.1279
ID887053756,31 Powell St,3,h,1005000.0,4/03/2017,2.0,4.0,466.0,89.0,-37.7266,145.0004
ID719380666,28 Percy St,2,h,990000.0,12/06/2016,1.0,0.0,145.0,19.0,-37.791,144.9779
ID189052940,25 Beaver St,2,h,1705000.0,15/10/2016,1.0,2.0,809.0,39.0,-37.7587,144.9015
ID958548798,83 Milleara Rd,3,h,875000.0,26/07/2016,2.0,2.0,928.0,49.0,-37.7362,144.8643
ID573933083,15 Compton St,3,h,2050000.0,3/06/2017,2.0,3.0,779.0,89.0,-37.83271,145.08414
ID839572881,4/1 Winbourne Rd,2,u,620000.0,27/05/2017,1.0,1.0,190.0,26.0,-37.87677,145.11961000000005
ID798302822,47 Clifton St,2,h,815000.0,19/11/2016,1.0,0.0,96.0,139.0,-37.8501,144.9953
ID496701007,23 Hillside Pde,4,h,1908000.0,29/07/2017,1.0,1.0,702.0,9.0,-37.84914000000001,145.06421
ID201330907,3/1 Mines Rd,2,u,560000.0,1/07/2017,1.0,2.0,217.0,34.0,-37.80526,145.24628
ID890963039,22 Quentin Rd,4,h,1380000.0,20/05/2017,2.0,2.0,230.0,12.0,-37.8806,145.0831
ID340605391,91A Linacre Rd,2,t,915500.0,27/11/2016,2.0,1.0,0.0,69.0,-37.9431,145.0118
ID179234277,40b Drysdale St,3,t,620500.0,7/05/2016,2.0,1.0,158.0,8.0,-37.7293,145.0216
ID155286785,9/99 Melbourne Rd,2,u,412000.0,25/02/2017,1.0,1.0,0.0,39.0,-37.8586,144.8937
ID157682654,84 Canterbury St,2,h,953000.0,8/04/2017,1.0,0.0,274.0,89.0,-37.7813,144.9238
ID742535069,1/164 Barkers Rd,3,t,1200000.0,15/07/2017,2.0,2.0,1089.0,49.0,-37.81432,145.03221000000005
ID176664238,27 Charlotte St,4,h,1400000.0,3/06/2017,1.0,0.0,244.0,9.0,-37.82503,144.99967
ID325384108,1/18 Duffy St,2,u,376000.0,16/04/2016,1.0,1.0,104.0,49.0,-37.7104,145.0076
ID503687603,4/30 Weir St,2,u,605000.0,4/06/2016,1.0,1.0,0.0,18.0,-37.8152,145.0843
ID247523766,131 Chambers Rd,3,h,730000.0,22/07/2017,1.0,1.0,276.0,54.0,-37.827870000000004,144.84364
ID550408784,23 Melville St,2,h,1155000.0,4/06/2016,1.0,2.0,235.0,89.0,-37.8153,145.0231
ID713885064,2/16 Westminster St,2,t,1255000.0,3/09/2016,1.0,1.0,208.0,19.0,-37.8128,145.0975
ID900292140,119A Harold St,4,h,1605000.0,16/09/2017,2.0,2.0,348.0,89.0,-37.75582,144.98951
ID966748000,9/63 Stawell St,2,u,638000.0,16/04/2016,2.0,1.0,0.0,11.0,-37.821999999999996,145.0104
ID697518766,13 Bowen St,2,h,1400000.0,3/09/2017,1.0,0.0,212.0,119.0,-37.85491,145.00373000000005
ID377505206,10a Roydon St,3,t,1020000.0,14/05/2016,2.0,2.0,221.0,59.0,-37.9355,145.0257
ID641928265,1 Frogmore Rd,3,h,1600000.0,7/05/2016,2.0,2.0,751.0,96.0,-37.8945,145.0648
ID316260717,367 Dandenong Rd,6,h,5525000.0,17/09/2016,3.0,4.0,1491.0,84.0,-37.8602,145.013
ID782223129,1 Hosken St,5,h,2800000.0,26/08/2017,2.0,2.0,1173.0,59.0,-37.80385,145.09094
ID445587101,107/567 Glenferrie Rd,2,u,560000.0,16/07/2016,1.0,1.0,0.0,6.0,-37.8268,145.0344
ID534205013,7/55 Johnston St,2,u,720000.0,7/05/2016,1.0,1.0,0.0,29.0,-37.8434,144.9435
ID498341593,3/2 Cawkwell St,3,t,1390000.0,14/05/2016,2.0,1.0,227.0,24.0,-37.8577,145.0406
ID951261973,105/459 Royal Pde,1,u,485000.0,15/10/2016,1.0,1.0,0.0,144.0,-37.7823,144.9593
ID336591858,2/641 Toorak Rd,2,u,682000.0,3/06/2017,1.0,1.0,713.0,44.0,-37.84301,145.02641
ID941582140,75 Deakin St,3,h,1165000.0,12/08/2017,1.0,1.0,590.0,89.0,-37.746520000000004,144.89178
ID687843132,63 Denbigh Rd,3,h,1900000.0,22/05/2016,1.0,2.0,328.0,119.0,-37.8559,145.0158
ID227278376,91/390 Toorak Rd,2,u,1030000.0,12/06/2016,2.0,1.0,0.0,49.0,-37.8407,145.0043
ID217157386,4 Boyd St,3,h,980000.0,19/11/2016,1.0,2.0,724.0,54.0,-37.8672,144.817
ID729247687,6/10 Violet St,1,u,326000.0,22/07/2017,1.0,1.0,0.0,6.0,-37.75547,144.91326999999995
ID998497380,12 Rasmussen Ct,4,h,922000.0,1/07/2017,2.0,2.0,463.0,59.0,-37.73704,144.97959
ID421288199,17 Odowd St,2,h,535000.0,4/06/2016,1.0,1.0,234.0,5.0,-37.7182,145.0161
ID173995050,3/76 Southernhay St,2,t,668500.0,1/07/2017,2.0,1.0,138.0,5.0,-37.72487,145.00705
ID752265735,22 Strathoon Cr,5,h,945000.0,22/07/2017,3.0,4.0,700.0,14.0,-37.62166,145.06747
ID640434027,48 Matilda Rd,3,h,1110000.0,4/03/2017,1.0,4.0,690.0,69.0,-37.9386,145.0585
ID761668139,9/63 Berkeley St,2,u,655000.0,10/12/2016,1.0,1.0,0.0,59.0,-37.8343,145.0364
ID318406418,7 Lisa Ct,4,h,472000.0,27/05/2017,2.0,2.0,546.0,29.0,-37.851459999999996,144.67109
ID943822517,60 Cross St,3,h,878000.0,15/07/2017,2.0,2.0,163.0,6.0,-37.80069,144.88199
ID179262842,17 View St,3,h,3725000.0,13/05/2017,2.0,2.0,857.0,139.0,-37.8203,145.0785
ID533569264,28 Newry St,3,h,1280000.0,27/05/2017,1.0,1.0,185.0,69.0,-37.82488,145.00642
ID817664229,56 The Grove,6,h,1900000.0,10/12/2016,2.0,2.0,1060.0,59.0,-37.7523,144.9725
ID886677708,4 Lyons St,3,h,600000.0,8/10/2016,1.0,2.0,702.0,69.0,-37.6999,144.9387
ID527483933,16/341 Heidelberg Rd,2,u,420000.0,8/04/2017,1.0,1.0,1000.0,44.0,-37.7836,145.0139
ID396182949,25 Castlewellan Bvd,4,h,1111000.0,19/08/2017,2.0,2.0,2002.0,69.0,-37.69547,144.73018000000005
ID674801078,7/138 New St,1,u,495000.0,29/07/2017,1.0,1.0,0.0,49.0,-37.91814,144.99296999999999
ID253481692,23a Chelsea St,3,u,1352500.0,28/08/2016,2.0,1.0,280.0,26.0,-37.91,144.989
ID903689009,6 Reynolds Av,5,h,1490000.0,22/07/2017,3.0,4.0,677.0,109.0,-37.90893,145.18489
ID918305763,411/38 Bank St,3,u,710000.0,29/04/2017,2.0,2.0,0.0,18.0,-37.8319,144.9682
ID913035919,309/416 Gore St,2,u,790000.0,22/08/2016,1.0,1.0,0.0,19.0,-37.7967,144.9836
ID272609860,6 Magnolia St,2,h,1280000.0,3/06/2017,1.0,0.0,1670.0,3.0,-37.839,145.22143
ID126363304,16/122 Maribyrnong Rd,1,u,362000.0,22/07/2017,1.0,1.0,0.0,4.0,-37.77149,144.91552
ID526335668,7/35 Grieve Pde,2,u,458000.0,9/09/2017,1.0,1.0,63.0,44.0,-37.86933,144.81704
ID797555277,4/388 Bluff Rd,4,t,1050000.0,23/09/2017,2.0,1.0,173.0,9.0,-37.94723,145.02268
ID858843252,30 Holyrood St,4,h,2420000.0,10/09/2016,3.0,2.0,560.0,5.0,-37.9333,144.9977
ID871020875,61 Dent St,4,h,2650000.0,3/09/2016,3.0,2.0,753.0,4.0,-37.8669,145.0767
ID917407677,306/64 MacAulay Rd,2,u,465000.0,22/07/2017,1.0,1.0,0.0,9.0,-37.79831,144.94261
ID343355866,39 Smith St,3,h,1913000.0,25/02/2017,2.0,2.0,611.0,89.0,-37.7575,144.9968
ID553963576,45 Vaynor St,3,h,710000.0,12/11/2016,2.0,1.0,317.0,69.0,-37.7449,144.8869
ID965730166,13 Haddon Ct,8,h,741000.0,23/09/2017,3.0,1.0,1063.0,39.0,-37.65826,144.92538000000005
ID287803893,44 Melrose St,3,h,820000.0,1/07/2017,2.0,2.0,445.0,22.0,-37.996520000000004,145.08523
ID284139660,8/102 Cross St,2,u,480000.0,3/06/2017,1.0,1.0,1157.0,99.0,-37.800290000000004,144.87859
ID730193343,5/350 Auburn Rd,3,t,1236000.0,24/06/2017,2.0,2.0,159.0,19.0,-37.83179000000001,145.04293
ID575940973,65 Speight St,3,h,950000.0,23/09/2017,1.0,1.0,344.0,39.0,-37.84259,144.8749
ID313424799,5a Compton St,2,u,695000.0,27/05/2017,1.0,1.0,300.0,8.0,-37.80574,145.18832
ID521090742,9/12 Pascoe St,2,h,386000.0,7/05/2016,1.0,1.0,111.0,32.0,-37.7152,144.9349
ID511345930,5 Arnold Gr,4,h,1868000.0,7/05/2016,2.0,2.0,925.0,59.0,-37.7869,145.1183
ID331379966,37 Thompson St,4,h,1715000.0,3/12/2016,2.0,2.0,705.0,97.0,-37.9035,145.028
ID130070455,1173 North Rd,3,h,1035000.0,12/11/2016,1.0,2.0,650.0,44.0,-37.91,145.0914
ID537919954,13B Elm Gr,3,t,1000000.0,1/07/2017,2.0,2.0,298.0,24.0,-37.994640000000004,145.08098999999999
ID166501115,36 College St,2,h,2265000.0,18/03/2017,1.0,1.0,460.0,109.0,-37.8173,145.0248
ID684744916,111/101 Grattan St,2,u,610250.0,7/05/2016,1.0,1.0,0.0,25.0,-37.8009,144.9662
ID693411924,329 Brunswick Rd,4,h,1175000.0,27/11/2016,1.0,2.0,319.0,7.0,-37.7763,144.9549
ID605896420,46 Bourke St,3,h,705000.0,30/07/2016,1.0,3.0,513.0,89.0,-37.7243,144.9883
ID113103523,25 Bliburg St,3,h,495000.0,27/11/2016,1.0,2.0,598.0,54.0,-37.6878,144.9112
ID471953187,3 The Crescent,3,h,1190000.0,3/06/2017,1.0,1.0,635.0,59.0,-37.94654,145.04863
ID821224089,12 Walerna Rd,3,h,1750000.0,7/05/2016,2.0,2.0,652.0,68.0,-37.8556,145.06799999999996
ID222736930,6 Bardolph St,2,h,708000.0,19/08/2017,1.0,1.0,151.0,48.0,-37.85156,145.07958
ID495520765,21 Wolseley Gr,4,h,2405000.0,28/05/2016,1.0,2.0,695.0,49.0,-37.9262,144.9969
ID930187219,1/58 Coorigil Rd,2,u,605000.0,27/11/2016,1.0,1.0,0.0,46.0,-37.8956,145.0613
ID520026398,3/99 Earl St,2,t,707500.0,26/07/2016,1.0,1.0,124.0,27.0,-37.7938,145.0321
ID978298012,44 Everard St,4,h,787500.0,27/06/2016,2.0,2.0,650.0,64.0,-37.7004,144.9411
ID771153653,80 Bunting St,2,h,951000.0,16/07/2016,1.0,0.0,108.0,114.0,-37.8259,145.0089
ID751366924,1/19 Dermot St,2,h,752500.0,18/06/2016,1.0,1.0,308.0,69.0,-37.9191,145.0855
ID885621070,1/13 Kellett St,2,u,770000.0,24/09/2016,1.0,1.0,129.0,44.0,-37.7668,145.0063
ID800787392,1/37 Hillside Gr,3,h,600000.0,4/03/2017,1.0,1.0,290.0,39.0,-37.7273,144.8744
ID489904440,31 Milford St,2,h,1030000.0,15/10/2016,1.0,2.0,470.0,89.0,-37.8471,144.8769
ID317633862,19 Alston St,3,h,1250000.0,24/06/2017,1.0,2.0,695.0,59.0,-37.75506,145.01841000000005
ID591307165,121 Pearson St,3,h,1300000.0,12/11/2016,1.0,2.0,364.0,119.0,-37.7618,144.9497
ID453969150,18/4 Mason St,2,u,485000.0,10/12/2016,1.0,1.0,0.0,8.0,-37.8421,144.8821
ID744870676,6/361 Church St,1,u,415000.0,16/07/2016,1.0,1.0,0.0,114.0,-37.8234,144.9985
ID249675727,302/2 Tweed St,2,u,575000.0,8/10/2016,2.0,1.0,0.0,119.0,-37.8213,145.0291
ID932356802,62 Lester Av,4,h,520000.0,15/07/2017,2.0,1.0,699.0,69.0,-37.73986,144.81105
ID130135673,25 Fairy St,4,h,2530000.0,29/07/2017,2.0,0.0,637.0,83.0,-37.776709999999994,145.04005
ID515975503,13 Cyril St,5,h,2275000.0,20/05/2017,2.0,1.0,399.0,109.0,-37.8777,144.9915
ID767618667,3 Kendall St,4,h,1600000.0,3/12/2016,2.0,2.0,607.0,8.0,-37.9324,145.0235
ID568855189,36/73 River St,2,u,592000.0,9/09/2017,2.0,1.0,14294.0,13.0,-37.81894000000001,145.01314
ID326395056,73 Lea Rd,3,h,865000.0,24/06/2017,1.0,2.0,739.0,54.0,-37.92769000000001,145.16792
ID673103143,5/11 Ormond Rd,2,u,430000.0,25/02/2017,1.0,1.0,0.0,49.0,-37.903,145.0452
ID811452539,19 Drysdale St,3,h,723000.0,3/12/2016,1.0,1.0,535.0,69.0,-37.7299,145.0242
ID696812369,33 Deakin St,4,t,1250000.0,6/08/2016,3.0,2.0,374.0,4.0,-37.7507,144.8911
ID660855678,30 Downs St,2,t,550500.0,22/05/2016,1.0,2.0,135.0,7.0,-37.7242,144.9411
ID891476971,9 Randolph St,3,h,1460000.0,29/07/2017,1.0,1.0,259.0,59.0,-37.81628,145.02125
ID646486692,3 Parramatta Rd,3,h,452000.0,22/07/2017,1.0,3.0,567.0,39.0,-37.88666,144.66149
ID382430582,1/93 Tambet St,2,h,813000.0,13/08/2016,1.0,1.0,306.0,59.0,-37.9111,145.072
ID351887246,11/37 Wheatland Rd,1,u,455000.0,3/06/2017,1.0,1.0,1112.0,42.0,-37.86561,145.03602
ID563496621,5 Croker St,3,h,716000.0,16/04/2016,1.0,2.0,268.0,129.0,-37.8472,144.8754
ID464778845,6 Tonmar Ct,4,h,1000000.0,26/08/2017,2.0,2.0,624.0,59.0,-37.84389,145.17345
ID581015616,66 Fromer St,3,h,1470000.0,11/02/2017,2.0,2.0,613.0,69.0,-37.929,145.0464
ID966906134,3/11 Brougham St,1,u,370000.0,3/12/2016,1.0,1.0,502.0,69.0,-37.8214,144.9997
ID391009999,44 Morley St,4,h,825000.0,30/07/2016,2.0,4.0,768.0,49.0,-37.6979,144.9377
ID721456099,1/26 Peacock St,5,h,1100000.0,27/06/2016,2.0,1.0,544.0,49.0,-37.8525,145.1154
ID908997265,18 Gillman St,3,h,1890000.0,18/06/2016,1.0,2.0,477.0,139.0,-37.8257,145.0514
ID210489079,2/71 Roslyn St,4,t,1630000.0,25/02/2017,2.0,2.0,432.0,19.0,-37.9228,145.0022
ID651189359,29 Seves St,3,h,1280000.0,24/06/2017,1.0,1.0,798.0,49.0,-37.86677,144.83722
ID837315360,2/11 Dutton Ct,3,t,360000.0,29/07/2017,1.0,1.0,154.0,11.0,-37.64992,144.91883
ID631085305,6/57 Ormond Esp,2,u,955000.0,4/03/2017,1.0,1.0,2925.0,10.0,-37.8867,144.9836
ID840704242,174 Beaconsfield Pde,4,h,1310000.0,27/06/2016,2.0,1.0,355.0,7.0,-37.7636,144.9872
ID491642205,3 Palermo St,3,h,2285000.0,15/10/2016,2.0,2.0,221.0,129.0,-37.8416,144.9959
ID252156947,1/215 Williams Rd,2,u,595000.0,29/04/2017,1.0,2.0,0.0,59.0,-37.8447,145.0037
ID847226427,9/204 Whitehorse Rd,1,h,390000.0,10/09/2016,1.0,1.0,740.0,59.0,-37.8125,145.0775
ID520336545,7/44 Darling St,2,u,630000.0,17/09/2016,1.0,1.0,0.0,6.0,-37.8361,144.9921
ID194355623,71 Cecil St,4,h,2200000.0,7/05/2016,1.0,2.0,735.0,34.0,-37.8028,145.0534
ID398017424,40 Whimbrel Cr,4,h,647000.0,8/07/2017,2.0,4.0,688.0,17.0,-38.10984000000001,145.17061999999999
ID768637430,1/15 Allen St,3,u,860000.0,6/05/2017,1.0,1.0,0.0,20.0,-37.7769,145.088
ID506184415,4/105 Raleigh Rd,2,t,510000.0,14/05/2016,2.0,1.0,176.0,9.0,-37.7693,144.8905
ID504836838,4/924 Toorak Rd,3,t,1320000.0,1/07/2017,2.0,2.0,227.0,13.0,-37.84689,145.05863
ID243597984,37 Brentwood Dr,4,h,1130000.0,27/05/2017,2.0,2.0,690.0,24.0,-37.900040000000004,145.17205
ID992461123,2/21 Gregory St,3,u,550000.0,27/11/2016,1.0,1.0,196.0,59.0,-37.7216,144.9157
ID144222367,6/1 Monaro Rd,2,h,1290000.0,15/10/2016,2.0,2.0,0.0,29.0,-37.8407,145.0343
ID906947242,3/36 Crookston Rd,3,u,510000.0,17/06/2017,1.0,1.0,178.0,10.0,-37.70985,145.02073000000001
ID504799765,11 Rolls St,2,h,960000.0,3/06/2017,1.0,3.0,398.0,8.0,-37.74966,144.9682
ID307285101,3/78 Kerferd Rd,2,u,685000.0,24/06/2017,1.0,0.0,324.0,89.0,-37.84469,144.95578
ID521388339,7/80 Hopetoun Av,2,u,400000.0,29/07/2017,2.0,1.0,0.0,79.0,-37.75201,144.9336
ID482681517,135 Brougham St,4,h,1800000.0,26/08/2017,2.0,2.0,191.0,44.0,-37.80001,145.03125
ID518691317,1474 Dandenong Rd,4,h,855000.0,28/05/2016,2.0,1.0,728.0,89.0,-37.8966,145.0979
ID467241903,17 Huntingtower Cr,6,h,1840000.0,26/08/2017,2.0,2.0,554.0,20.0,-37.87591,145.13958
ID841860064,107/61 Stawell St,1,u,432000.0,15/07/2017,1.0,1.0,7455.0,4.0,-37.82201,145.0104
ID235109353,1/34 Longmuir Rd,2,u,655000.0,15/07/2017,1.0,1.0,298.0,44.0,-37.71098,145.08926
ID977956325,42 Lyon Rd,4,h,1042500.0,17/09/2016,2.0,2.0,648.0,44.0,-37.7363,145.0851
ID160091962,7 Botanic Dr,4,h,1810000.0,28/05/2016,2.0,4.0,769.0,49.0,-37.7781,145.1337
ID996039022,24 Epstein St,2,h,650000.0,15/10/2016,1.0,1.0,750.0,49.0,-37.7092,144.9933
ID437525078,31 Wilkinson St,3,h,950000.0,17/06/2017,1.0,0.0,230.0,111.0,-37.76811,144.96017
ID680124638,8/232 Williamstown Rd,2,u,500000.0,12/08/2017,1.0,1.0,0.0,6.0,-37.813520000000004,144.88311000000004
ID909091807,5 Raleigh St,3,h,1290000.0,28/05/2016,1.0,2.0,605.0,89.0,-37.7541,144.9265
ID525713126,51 Rae St,2,h,770000.0,4/06/2016,2.0,1.0,134.0,114.0,-37.7916,144.9784
ID394048793,45 Lynnwood Pde,5,h,1710000.0,11/03/2017,2.0,2.0,666.0,39.0,-37.7692,145.1253
ID814372309,2 Fairmount Rd,4,h,2320000.0,3/06/2017,2.0,2.0,528.0,39.0,-37.835390000000004,145.0431
ID207593206,23 Fiddes St,3,h,1020000.0,3/09/2016,1.0,3.0,771.0,59.0,-37.9375,145.0474
ID696840191,9/81 Dodds St,3,u,868000.0,4/06/2016,2.0,1.0,0.0,24.0,-37.8267,144.9687
ID328243724,222 Woodland St,5,h,2650000.0,19/11/2016,3.0,2.0,755.0,10.0,-37.7417,144.9133
ID518968743,30 Cobram St,3,h,530000.0,22/07/2017,2.0,2.0,400.0,10.0,-37.833529999999996,144.67324
ID318599225,503/120 Greville St,3,u,1350000.0,12/11/2016,2.0,2.0,0.0,119.0,-37.8493,144.9908
ID531399365,80 South Rd,4,h,645000.0,7/11/2016,2.0,1.0,283.0,29.0,-37.7908,144.8485
ID524193577,2/481 St Kilda St,3,t,1360000.0,27/05/2017,2.0,2.0,797.0,22.0,-37.8867,144.99141
ID146067426,145 Murray Rd,3,h,881000.0,3/06/2017,1.0,2.0,470.0,89.0,-37.73912,145.01298
ID279754965,14 Baker St,4,h,700000.0,30/07/2016,1.0,5.0,650.0,59.0,-37.7867,144.8437
ID389840466,8 Drum St,4,h,610000.0,27/05/2017,2.0,2.0,528.0,9.0,-37.78774,144.76019
ID908785324,34 Fewster Dr,3,h,970000.0,26/08/2017,2.0,2.0,674.0,38.0,-37.8836,145.22805
ID121307734,5/60 Woornack Rd,2,u,650000.0,18/06/2016,1.0,1.0,174.0,44.0,-37.8978,145.062
ID535638458,24 Sunnyside Rd,3,h,2000000.0,1/07/2017,1.0,2.0,1028.0,54.0,-37.89757,145.11825
ID235660371,6/37 Stephen St,3,h,940000.0,28/08/2016,2.0,2.0,171.0,12.0,-37.8124,144.8957
ID353475015,93 Tudor St,3,h,921000.0,16/04/2016,2.0,1.0,291.0,19.0,-37.919000000000004,145.0829
ID599365165,13 Lucifer St,4,h,1670000.0,11/03/2017,3.0,2.0,689.0,27.0,-37.7871,145.0843
ID383721557,12 Wahroongaa Rd,3,h,1420000.0,13/08/2016,1.0,1.0,700.0,10.0,-37.8887,145.0718
ID713957347,2/52 Barton St,2,u,807000.0,17/06/2017,1.0,1.0,1501.0,59.0,-37.81665,145.10043000000005
ID356695174,5a Rosamond St,3,h,1475000.0,24/06/2017,2.0,1.0,147.0,15.0,-37.86997,144.9908
ID411990270,6 Santiago St,5,h,1510000.0,18/06/2016,2.0,2.0,659.0,49.0,-37.7903,145.1107
ID566327138,2/2 Dundas St,2,u,450000.0,18/03/2017,1.0,1.0,0.0,49.0,-37.7526,145.0023
ID955155594,12/1051 Pascoe Vale Rd,2,t,390000.0,1/07/2017,1.0,1.0,165.0,24.0,-37.68582,144.91638
ID740447278,6/2 Murrell St,2,u,320500.0,17/09/2016,1.0,1.0,3056.0,49.0,-37.7042,144.9214
ID285663010,3/57 Pender St,1,u,383000.0,19/11/2016,1.0,1.0,0.0,54.0,-37.7539,145.0075
ID883412135,38 Wenden Rd,3,h,635000.0,29/07/2017,1.0,2.0,528.0,24.0,-37.66726,145.05819
ID397465564,2/98 Durham Rd,3,u,1290000.0,16/09/2017,2.0,1.0,270.0,44.0,-37.83404,145.0893
ID892927692,14/52 Leicester St,3,u,875000.0,18/03/2017,1.0,1.0,0.0,139.0,-37.8052,144.9604
ID726307332,1/15 Scott Gr,3,t,1220000.0,15/10/2016,2.0,2.0,278.0,20.0,-37.8574,145.0496
ID522518432,30 Mulkarra Dr,3,h,840000.0,3/06/2017,2.0,2.0,534.0,44.0,-38.04683,145.1261
ID215678396,702 Barkly St,3,h,840000.0,23/09/2017,1.0,3.0,336.0,69.0,-37.79613,144.86741999999995
ID224889589,41 Dellfield Dr,4,h,1165000.0,3/12/2016,2.0,4.0,673.0,47.0,-37.7647,145.1246
ID574005648,30 Smith Rd,5,h,2800000.0,27/06/2016,3.0,2.0,805.0,59.0,-37.8459,145.0721
ID299053680,24/384 Toorak Rd,1,u,367000.0,22/05/2016,1.0,0.0,0.0,69.0,-37.8406,145.0035
ID840161898,145/38 Mt Alexander Rd,2,u,315000.0,28/05/2016,1.0,1.0,0.0,7.0,-37.7847,144.9383
ID973593842,50 Bridport St,2,h,2000000.0,16/04/2016,2.0,1.0,141.0,119.0,-37.8389,144.9612
ID958717600,22 Hillcrest Dr,6,h,935000.0,17/06/2017,4.0,2.0,694.0,49.0,-37.681779999999996,144.73779
ID228002016,18 Lorraine St,4,h,2355000.0,25/02/2017,2.0,3.0,715.0,99.0,-37.7582,144.9128
ID651927900,39 Warleigh Rd,3,t,735000.0,27/06/2016,2.0,2.0,112.0,9.0,-37.8001,144.8797
ID465264196,8 Hill St,3,h,2500000.0,17/06/2017,2.0,2.0,440.0,69.0,-37.833,145.01322
ID329341878,3/108 Smith St,1,u,550000.0,8/04/2017,1.0,0.0,0.0,24.0,-37.8053,144.9833
ID563496621,5 Croker St,3,h,716000.0,16/04/2016,1.0,2.0,268.0,129.0,-37.8472,144.8754
ID975297000,2/619 Toorak Rd,2,u,1010000.0,8/04/2017,2.0,2.0,586.0,29.0,-37.8427,145.0236
ID172744116,11 Pacific Pl,3,h,695000.0,3/06/2017,2.0,2.0,665.0,29.0,-37.69408,144.77861000000001
ID992461123,2/21 Gregory St,3,u,550000.0,27/11/2016,1.0,1.0,196.0,59.0,-37.7216,144.9157
ID470380728,3/8 Ashted Rd,2,u,636000.0,19/11/2016,1.0,1.0,151.0,49.0,-37.8234,145.1235
ID394283838,11/19 Wood St,2,u,587134.0,28/08/2016,1.0,1.0,0.0,49.0,-37.7976,144.9454
ID768637430,1/15 Allen St,3,u,860000.0,6/05/2017,1.0,1.0,0.0,20.0,-37.7769,145.088
ID644951091,5/57 Blyth St,3,u,730000.0,28/05/2016,2.0,1.0,70.0,5.0,-37.868,144.8285
ID377505206,10a Roydon St,3,t,1020000.0,14/05/2016,2.0,2.0,221.0,59.0,-37.9355,145.0257
ID707602969,101 Roberts St,3,h,1050000.0,4/06/2016,2.0,1.0,462.0,59.0,-37.8128,144.8695
ID416780394,36 Kenny St,3,h,2251000.0,3/12/2016,1.0,2.0,888.0,69.0,-37.8002,145.0949
ID343080944,16 Sandover Dr,4,h,570000.0,3/09/2017,2.0,2.0,504.0,19.0,-37.61419,144.93448
ID635701479,3/7 East Rd,3,u,572000.0,1/07/2017,2.0,2.0,264.0,17.0,-38.10422,145.14158999999995
ID522518432,30 Mulkarra Dr,3,h,840000.0,3/06/2017,2.0,2.0,534.0,44.0,-38.04683,145.1261
ID946545389,23 Phillip Rd,4,h,880000.0,22/07/2017,1.0,1.0,534.0,69.0,-37.74807,144.86927
ID515975503,13 Cyril St,5,h,2275000.0,20/05/2017,2.0,1.0,399.0,109.0,-37.8777,144.9915
ID176664238,27 Charlotte St,4,h,1400000.0,3/06/2017,1.0,0.0,244.0,9.0,-37.82503,144.99967
ID138607903,2/21 Hodder St,4,t,1367000.0,26/07/2016,2.0,2.0,315.0,19.0,-37.9078,145.0222
ID364244932,20A Etka Av,4,t,1022000.0,12/08/2017,2.0,2.0,284.0,69.0,-37.73574,144.87014
ID954574352,3/80 Rathcown Rd,2,u,470000.0,27/05/2017,1.0,1.0,142.0,12.0,-37.70932,145.02483999999995
ID464778845,6 Tonmar Ct,4,h,1000000.0,26/08/2017,2.0,2.0,624.0,59.0,-37.84389,145.17345
ID903767386,6 Leicester St,4,h,1670000.0,18/03/2017,1.0,4.0,1042.0,69.0,-37.7908,145.101
ID183739304,16 Heather Ct,3,h,695000.0,3/06/2017,1.0,2.0,649.0,64.0,-37.69777,144.91952
